StartDate,EndDate,Status,IPAddress,Progress,Duration (in seconds),Finished,RecordedDate,ResponseId,RecipientLastName,RecipientFirstName,RecipientEmail,ExternalReference,LocationLatitude,LocationLongitude,DistributionChannel,UserLanguage,Q_RecaptchaScore,Q1 a),Q1 b),Q2 a),Q2 b),Q3 a),Q3 b),Q4 a),Q4 b),Q5 a),Q5 b),Note:,Q6 a),Q6 b),Q7 a),Q7 b),Q8 a),Q8 b),Q9 a),Q9 b),Q10 a),Q10 b),[Personal #1],[Personal #2],[Personal #3]
Start Date,End Date,Response Type,IP Address,Progress,Duration (in seconds),Finished,Recorded Date,Response ID,Recipient Last Name,Recipient First Name,Recipient Email,External Data Reference,Location Latitude,Location Longitude,Distribution Channel,User Language,Q_RecaptchaScore,"Please, pick your favourite option. Choosing one item does not necessarily mean that you would buy it.",Would you personally buy this product?,"Please, pick your favourite option. Choosing one item does not necessarily mean that you would buy it.",Would you personally buy this product?,"Please, pick your favourite option. Choosing one item does not necessarily mean that you would buy it.",Would you personally buy this product?,"Please, pick your favourite option. Choosing one item does not necessarily mean that you would buy it.",Would you personally buy this product?,"Please, pick your favourite option. Choosing one item does not necessarily mean that you would buy it.",Would you personally buy this product?,"This is an attention test. Please select ""somewhat agree"".","Please, pick your favourite option. Choosing one item does not necessarily mean that you would buy it.",Would you personally buy this product?,"Please, pick your favourite option. Choosing one item does not necessarily mean that you would buy it.",Would you personally buy this product?,"Please, pick your favourite option. Choosing one item does not necessarily mean that you would buy it.",Would you personally buy this product?,"Please, pick your favourite option. Choosing one item does not necessarily mean that you would buy it.",Would you personally buy this product?,"Please, pick your favourite option. Choosing one item does not necessarily mean that you would buy it.",Would you personally buy this product?,"Please, select your age range",Do you have a revenue stream of any sort?,How sustainable would you rate yourself?
"{""ImportId"":""startDate"",""timeZone"":""Europe/Berlin""}","{""ImportId"":""endDate"",""timeZone"":""Europe/Berlin""}","{""ImportId"":""status""}","{""ImportId"":""ipAddress""}","{""ImportId"":""progress""}","{""ImportId"":""duration""}","{""ImportId"":""finished""}","{""ImportId"":""recordedDate"",""timeZone"":""Europe/Berlin""}","{""ImportId"":""_recordId""}","{""ImportId"":""recipientLastName""}","{""ImportId"":""recipientFirstName""}","{""ImportId"":""recipientEmail""}","{""ImportId"":""externalDataReference""}","{""ImportId"":""locationLatitude""}","{""ImportId"":""locationLongitude""}","{""ImportId"":""distributionChannel""}","{""ImportId"":""userLanguage""}","{""ImportId"":""Q_RecaptchaScore""}","{""ImportId"":""QID8""}","{""ImportId"":""QID9""}","{""ImportId"":""QID10""}","{""ImportId"":""QID11""}","{""ImportId"":""QID12""}","{""ImportId"":""QID13""}","{""ImportId"":""QID14""}","{""ImportId"":""QID15""}","{""ImportId"":""QID16""}","{""ImportId"":""QID17""}","{""ImportId"":""QID28""}","{""ImportId"":""QID18""}","{""ImportId"":""QID19""}","{""ImportId"":""QID20""}","{""ImportId"":""QID21""}","{""ImportId"":""QID22""}","{""ImportId"":""QID23""}","{""ImportId"":""QID24""}","{""ImportId"":""QID25""}","{""ImportId"":""QID26""}","{""ImportId"":""QID27""}","{""ImportId"":""QID29""}","{""ImportId"":""QID30""}","{""ImportId"":""QID31""}"
2023-05-21 17:34:47,2023-05-21 17:34:47,Survey Preview,,100,0,True,2023-05-21 17:34:49,R_1d4DmGAeYKxXlIX,,,,,50.8534,4.347,preview,EN,,,,,,,,,,,,,,,,,,,,,,,,,
2023-05-21 17:39:19,2023-05-21 17:39:19,Survey Preview,,100,0,True,2023-05-21 17:39:21,R_26goafXEvtXqJDS,,,,,50.8534,4.347,preview,EN,,,,,,,,,,,,,,,,,,,,,,,,,
2023-05-21 17:39:25,2023-05-21 17:39:25,Survey Preview,,100,0,True,2023-05-21 17:39:26,R_3OfgwInEZPLXUsf,,,,,50.8534,4.347,preview,EN,,,,,,,,,,,,,,,,,,,,,,,,,
2023-05-21 18:32:52,2023-05-21 18:32:56,Survey Preview,,100,4,True,2023-05-21 18:32:58,R_3EyCi5qovb2Wy43,,,,,50.8534,4.347,preview,EN,,,,,,,,,,,,,,,,,,,,,,,,,
2023-05-21 18:42:00,2023-05-21 18:42:17,Survey Preview,,100,16,True,2023-05-21 18:42:19,R_3e8ZBN3OUXicuVq,,,,,50.8534,4.347,preview,EN,,€100 / 7 washes / 2% donated / carbon neutral,Yes,,,,,,,,,,,,,,,,,,,,,,
2023-05-21 19:20:28,2023-05-21 19:30:42,Survey Preview,,100,613,True,2023-05-21 19:30:44,R_2SrkFfr0QDBzjIg,,,,,47.5636,19.0947,preview,EN,,€100 / 7 washes / 2% donated / carbon neutral,No,€165 / 57 washes / 2% donated / carbon neutral,No,€165 / 32 washes / no donations / carbon neutral,No,€165 / 7 washes / 4.75% donated / carbon neutral,No,€35 / 57 washes / 4.75% donated / carbon neutral,Yes,Strongly agree,€165 / 32 washes / 2% donated / 37 ktons,No,€35 / 32 washes / 2% donated / carbon neutral,Yes,€35 / 7 washes / no donations / carbon neutral,No,€100 / 32 washes / 4.57% donated / carbon neutral,Yes,€35 / 57 washes / no donations / carbon neutral,Yes,,,
2023-05-23 17:58:24,2023-05-23 17:59:24,Survey Preview,,100,60,True,2023-05-23 17:59:25,R_O6UueOgBZJ8Y6Qh,,,,,50.8534,4.347,preview,EN,1,€100 / 7 washes / 2% donated / carbon neutral,Yes,€165 / 57 washes / 2% donated / carbon neutral,No,€100 / 57 washes / 2% donated / 72.6 ktons,Yes,€35 / 32 washes / no donations / 72.6 ktons,Yes,€35 / 57 washes / 4.75% donated / carbon neutral,Yes,Somewhat agree,€35 / 7 washes / 4.75% donated / 72.6 ktons,No,€35 / 32 washes / 2% donated / carbon neutral,No,€35 / 32 washes / 2% donated / 72.6 ktons,,€35 / 7 washes / 2% donated / 37 ktons,Yes,€100 / 7 washes / 2% donated / 37 ktons,No,Under 18,Yes,Average
2023-05-23 18:10:02,2023-05-23 18:14:09,IP Address,213.124.111.178,100,246,True,2023-05-23 18:14:11,R_SOuR1pD8lH1D6E1,,,,,52.1666,6.7281,anonymous,EN,1,€165 / 57 washes / no donations / 37 ktons,No,€165 / 57 washes / 2% donated / carbon neutral,Yes,€100 / 57 washes / 2% donated / 72.6 ktons,Yes,€100 / 57 washes / 2% donated / 37 ktons,Yes,€35 / 57 washes / 4.75% donated / carbon neutral,Yes,Somewhat disagree,€35 / 7 washes / 4.75% donated / 72.6 ktons,Yes,€100 / 57 washes / no donations / 72.6 ktons,Yes,€35 / 32 washes / 2% donated / 72.6 ktons,Yes,€35 / 57 washes / no donations / 72.6 ktons,Yes,€35 / 57 washes / no donations / carbon neutral,Yes,18 - 24,No,Somewhat below average
2023-05-23 18:09:44,2023-05-23 18:15:47,IP Address,82.143.109.142,100,362,True,2023-05-23 18:15:47,R_3MMWx6YTLdfIlRr,,,,,50.8152,4.4376,anonymous,EN,0.30000001192092896,€35 / 7 washes / 4.75% donated / 72.6 ktons,No,€165 / 57 washes / 2% donated / carbon neutral,Yes,€165 / 32 washes / no donations / carbon neutral,No,€35 / 32 washes / no donations / 72.6 ktons,Yes,€35 / 57 washes / 4.75% donated / carbon neutral,Yes,Somewhat agree,€35 / 7 washes / 4.75% donated / 72.6 ktons,No,€35 / 32 washes / 2% donated / carbon neutral,Yes,€35 / 7 washes / no donations / carbon neutral,Yes,€100 / 32 washes / 4.57% donated / carbon neutral,Yes,€35 / 57 washes / no donations / carbon neutral,Yes,18 - 24,Yes,Somewhat above average
2023-05-23 18:13:26,2023-05-23 18:16:13,IP Address,141.70.2.105,100,167,True,2023-05-23 18:16:16,R_28ZFfLsZ5cpw4aF,,,,,48.5348,9.0495,anonymous,EN,0.8999999761581421,€35 / 7 washes / 4.75% donated / 72.6 ktons,Yes,€165 / 57 washes / 2% donated / carbon neutral,No,€100 / 57 washes / 2% donated / 72.6 ktons,Yes,€100 / 57 washes / 2% donated / 37 ktons,Yes,€35 / 57 washes / 4.75% donated / carbon neutral,Yes,Somewhat agree,€165 / 32 washes / 2% donated / 37 ktons,No,€100 / 57 washes / no donations / 72.6 ktons,Yes,€35 / 32 washes / 2% donated / 72.6 ktons,Yes,€35 / 57 washes / no donations / 72.6 ktons,Yes,€35 / 57 washes / no donations / carbon neutral,Yes,18 - 24,Yes,Average
2023-05-23 18:14:23,2023-05-23 18:18:40,IP Address,145.94.165.38,100,256,True,2023-05-23 18:18:41,R_2QuGM0HDT34VzaB,,,,,52.0134,4.3655,anonymous,EN,1,€165 / 57 washes / no donations / 37 ktons,No,€165 / 57 washes / 2% donated / carbon neutral,Yes,€100 / 57 washes / 2% donated / 72.6 ktons,Yes,€100 / 57 washes / 2% donated / 37 ktons,Yes,€35 / 57 washes / 4.75% donated / carbon neutral,Yes,Somewhat agree,€100 / 7 washes / no donations / carbon neutral,No,€35 / 32 washes / 2% donated / carbon neutral,Yes,€35 / 7 washes / no donations / carbon neutral,Yes,€100 / 32 washes / 4.57% donated / carbon neutral,Yes,€35 / 57 washes / no donations / carbon neutral,Yes,18 - 24,Yes,Somewhat above average
2023-05-23 18:18:22,2023-05-23 18:21:35,IP Address,217.103.252.177,100,193,True,2023-05-23 18:21:36,R_2vZUQtWWkVXUeci,,,,,51.9126,4.4406,anonymous,EN,1,€100 / 7 washes / 2% donated / carbon neutral,No,€35 / 32 washes / no donations / 37 ktons,Yes,€100 / 57 washes / 2% donated / 72.6 ktons,No,€100 / 57 washes / 2% donated / 37 ktons,No,€35 / 57 washes / 4.75% donated / carbon neutral,Yes,Somewhat agree,€100 / 7 washes / no donations / carbon neutral,No,€35 / 32 washes / 2% donated / carbon neutral,Yes,€35 / 7 washes / no donations / carbon neutral,No,€100 / 32 washes / 4.57% donated / carbon neutral,No,€35 / 57 washes / no donations / carbon neutral,Yes,25 - 34,Yes,Somewhat above average
2023-05-23 18:19:27,2023-05-23 18:23:30,IP Address,92.117.4.59,100,243,True,2023-05-23 18:23:31,R_1o11jqTruQQh7Li,,,,,52.0273,8.5147,anonymous,EN,0.8999999761581421,€165 / 57 washes / no donations / 37 ktons,No,€165 / 57 washes / 2% donated / carbon neutral,Yes,€100 / 57 washes / 2% donated / 72.6 ktons,No,€100 / 57 washes / 2% donated / 37 ktons,No,€35 / 57 washes / 4.75% donated / carbon neutral,Yes,Somewhat agree,€165 / 32 washes / 2% donated / 37 ktons,No,€35 / 32 washes / 2% donated / carbon neutral,Yes,€35 / 7 washes / no donations / carbon neutral,No,€100 / 32 washes / 4.57% donated / carbon neutral,No,€35 / 57 washes / no donations / carbon neutral,Yes,25 - 34,Yes,Somewhat above average
2023-05-23 18:20:25,2023-05-23 18:24:27,IP Address,109.52.79.194,100,242,True,2023-05-23 18:24:27,R_sHzo8VfGDBwsGLT,,,,,41.8904,12.5126,anonymous,EN,0.8999999761581421,€35 / 7 washes / 4.75% donated / 72.6 ktons,No,€35 / 32 washes / no donations / 37 ktons,No,€35 / 7 washes / 4.75% donated / 37 ktons,No,€35 / 32 washes / no donations / 72.6 ktons,No,€35 / 57 washes / 4.75% donated / carbon neutral,No,Somewhat disagree,€35 / 7 washes / 4.75% donated / 72.6 ktons,No,€35 / 32 washes / 2% donated / carbon neutral,No,€35 / 7 washes / no donations / carbon neutral,No,€35 / 57 washes / no donations / 72.6 ktons,No,€35 / 57 washes / no donations / carbon neutral,No,18 - 24,No,Average
2023-05-23 18:16:16,2023-05-23 18:25:10,IP Address,94.66.136.240,100,534,True,2023-05-23 18:25:11,R_2D5e3ckDwnWu4ok,,,,,37.9842,23.7353,anonymous,EN,0.8999999761581421,€100 / 7 washes / 2% donated / carbon neutral,No,€35 / 32 washes / no donations / 37 ktons,Yes,€165 / 32 washes / no donations / carbon neutral,Yes,€100 / 57 washes / 2% donated / 37 ktons,Yes,€35 / 57 washes / 4.75% donated / carbon neutral,Yes,Somewhat agree,€165 / 32 washes / 2% donated / 37 ktons,No,€35 / 32 washes / 2% donated / carbon neutral,Yes,€35 / 7 washes / no donations / carbon neutral,Yes,€100 / 32 washes / 4.57% donated / carbon neutral,Yes,€35 / 57 washes / no donations / carbon neutral,Yes,25 - 34,Yes,Average
2023-05-23 18:21:14,2023-05-23 18:25:57,IP Address,93.44.83.139,100,282,True,2023-05-23 18:25:57,R_3rZhwrJ0l2diqXE,,,,,44.488,11.3752,anonymous,EN,0.8999999761581421,€100 / 7 washes / 2% donated / carbon neutral,Yes,€100 / 7 washes / no donations / 72.6 ktons,No,€100 / 57 washes / 2% donated / 72.6 ktons,No,€100 / 57 washes / 2% donated / 37 ktons,No,€35 / 57 washes / 4.75% donated / carbon neutral,Yes,Somewhat agree,€165 / 32 washes / 2% donated / 37 ktons,No,€35 / 32 washes / 2% donated / carbon neutral,Yes,€35 / 32 washes / 2% donated / 72.6 ktons,Yes,€35 / 57 washes / no donations / 72.6 ktons,Yes,€35 / 57 washes / no donations / carbon neutral,Yes,25 - 34,Yes,Somewhat above average
2023-05-23 18:23:29,2023-05-23 18:28:11,IP Address,145.1.248.40,100,281,True,2023-05-23 18:28:12,R_1H5JIzR3ApInJxp,,,,,37.1918,-3.6095,anonymous,EN,0.8999999761581421,€165 / 57 washes / no donations / 37 ktons,No,€35 / 32 washes / no donations / 37 ktons,Yes,€35 / 7 washes / 4.75% donated / 37 ktons,No,€100 / 57 washes / 2% donated / 37 ktons,No,€35 / 57 washes / 4.75% donated / carbon neutral,Yes,Somewhat agree,€165 / 32 washes / 2% donated / 37 ktons,No,€35 / 32 washes / 2% donated / carbon neutral,Yes,€35 / 7 washes / no donations / carbon neutral,Yes,€100 / 32 washes / 4.57% donated / carbon neutral,No,€35 / 57 washes / no donations / carbon neutral,Yes,25 - 34,Yes,Somewhat above average
2023-05-23 18:31:17,2023-05-23 18:35:15,IP Address,178.51.253.211,100,237,True,2023-05-23 18:35:17,R_1eEvoZf21axhkbk,,,,,50.8534,4.347,anonymous,EN,0.8999999761581421,€165 / 57 washes / no donations / 37 ktons,No,€35 / 32 washes / no donations / 37 ktons,Yes,€100 / 57 washes / 2% donated / 72.6 ktons,Yes,€35 / 32 washes / no donations / 72.6 ktons,Yes,€35 / 57 washes / 4.75% donated / carbon neutral,Yes,Somewhat agree,€35 / 7 washes / 4.75% donated / 72.6 ktons,No,€35 / 32 washes / 2% donated / carbon neutral,Yes,€35 / 32 washes / 2% donated / 72.6 ktons,Yes,€35 / 57 washes / no donations / 72.6 ktons,Yes,€35 / 57 washes / no donations / carbon neutral,Yes,25 - 34,Yes,Far below average
2023-05-23 18:37:53,2023-05-23 18:42:33,IP Address,80.113.70.10,100,279,True,2023-05-23 18:42:34,R_bCTr2EnOqa7KZyh,,,,,51.9064,4.4381,anonymous,EN,0.8999999761581421,€100 / 7 washes / 2% donated / carbon neutral,Yes,€35 / 32 washes / no donations / 37 ktons,Yes,€100 / 57 washes / 2% donated / 72.6 ktons,Yes,€100 / 57 washes / 2% donated / 37 ktons,Yes,€35 / 57 washes / 4.75% donated / carbon neutral,Yes,Somewhat agree,€35 / 7 washes / 4.75% donated / 72.6 ktons,No,€35 / 32 washes / 2% donated / carbon neutral,Yes,€35 / 32 washes / 2% donated / 72.6 ktons,Yes,€100 / 32 washes / 4.57% donated / carbon neutral,No,€35 / 57 washes / no donations / carbon neutral,Yes,25 - 34,Yes,Average
2023-05-23 18:39:29,2023-05-23 18:43:28,IP Address,94.214.229.4,100,239,True,2023-05-23 18:43:28,R_3PAfazOmmQjgWVE,,,,,52.0134,4.3655,anonymous,EN,1,€165 / 57 washes / no donations / 37 ktons,No,€35 / 32 washes / no donations / 37 ktons,Yes,€35 / 7 washes / 4.75% donated / 37 ktons,Yes,€35 / 32 washes / no donations / 72.6 ktons,Yes,€35 / 57 washes / 4.75% donated / carbon neutral,Yes,Strongly disagree,€35 / 7 washes / 4.75% donated / 72.6 ktons,Yes,€35 / 32 washes / 2% donated / carbon neutral,Yes,€35 / 32 washes / 2% donated / 72.6 ktons,Yes,€35 / 57 washes / no donations / 72.6 ktons,Yes,€35 / 57 washes / no donations / carbon neutral,Yes,25 - 34,No,Average
2023-05-23 18:46:31,2023-05-23 18:50:31,IP Address,95.96.188.200,100,239,True,2023-05-23 18:50:33,R_2TtawYP6XbTfSff,,,,,51.7615,4.1567,anonymous,EN,0.8999999761581421,€100 / 7 washes / 2% donated / carbon neutral,No,€165 / 57 washes / 2% donated / carbon neutral,Yes,€35 / 7 washes / 4.75% donated / 37 ktons,No,€100 / 57 washes / 2% donated / 37 ktons,Yes,€35 / 57 washes / 4.75% donated / carbon neutral,Yes,Somewhat agree,€100 / 7 washes / no donations / carbon neutral,No,€35 / 32 washes / 2% donated / carbon neutral,Yes,€35 / 32 washes / 2% donated / 72.6 ktons,Yes,€100 / 32 washes / 4.57% donated / carbon neutral,Yes,€35 / 57 washes / no donations / carbon neutral,Yes,25 - 34,Yes,Somewhat above average
2023-05-23 18:55:11,2023-05-23 18:59:53,IP Address,157.193.11.207,100,281,True,2023-05-23 18:59:53,R_25TvRPidZWAQsJo,,,,,51.047,3.7206,anonymous,EN,1,€165 / 57 washes / no donations / 37 ktons,Yes,€165 / 57 washes / 2% donated / carbon neutral,Yes,€100 / 57 washes / 2% donated / 72.6 ktons,Yes,€100 / 57 washes / 2% donated / 37 ktons,Yes,€35 / 57 washes / 4.75% donated / carbon neutral,Yes,Somewhat agree,€165 / 32 washes / 2% donated / 37 ktons,No,€35 / 32 washes / 2% donated / carbon neutral,Yes,€35 / 7 washes / no donations / carbon neutral,Yes,€100 / 32 washes / 4.57% donated / carbon neutral,Yes,€35 / 57 washes / no donations / carbon neutral,Yes,25 - 34,Yes,Somewhat below average
2023-05-23 18:59:28,2023-05-23 19:05:27,IP Address,188.143.3.225,100,358,True,2023-05-23 19:05:27,R_22P9C6Xvv9fxuKj,,,,,47.5636,19.0947,anonymous,EN,1,€100 / 7 washes / 2% donated / carbon neutral,No,€165 / 57 washes / 2% donated / carbon neutral,No,€165 / 32 washes / no donations / carbon neutral,No,€165 / 7 washes / 4.75% donated / carbon neutral,No,€35 / 57 washes / 4.75% donated / carbon neutral,Yes,Somewhat agree,€100 / 7 washes / no donations / carbon neutral,No,€35 / 32 washes / 2% donated / carbon neutral,Yes,€35 / 7 washes / no donations / carbon neutral,Yes,€100 / 32 washes / 4.57% donated / carbon neutral,No,€35 / 57 washes / no donations / carbon neutral,Yes,25 - 34,Yes,Somewhat above average
2023-05-23 19:01:09,2023-05-23 19:12:43,IP Address,109.129.1.199,100,693,True,2023-05-23 19:12:45,R_d05I3QmQPSGeFrz,,,,,50.8534,4.347,anonymous,EN,,€100 / 7 washes / 2% donated / carbon neutral,No,€35 / 32 washes / no donations / 37 ktons,Yes,€165 / 32 washes / no donations / carbon neutral,No,€35 / 32 washes / no donations / 72.6 ktons,No,€35 / 57 washes / 4.75% donated / carbon neutral,Yes,Somewhat agree,€100 / 7 washes / no donations / carbon neutral,Yes,€35 / 32 washes / 2% donated / carbon neutral,Yes,€35 / 7 washes / no donations / carbon neutral,Yes,€35 / 7 washes / 2% donated / 37 ktons,Yes,€35 / 57 washes / no donations / carbon neutral,Yes,18 - 24,Yes,Average
2023-05-23 18:53:20,2023-05-23 19:15:58,IP Address,91.177.187.242,100,1357,True,2023-05-23 19:15:59,R_7WfffQzjx6DIX29,,,,,50.8534,4.347,anonymous,EN,1,€35 / 7 washes / 4.75% donated / 72.6 ktons,Yes,€35 / 32 washes / no donations / 37 ktons,Yes,€165 / 32 washes / no donations / carbon neutral,No,€100 / 57 washes / 2% donated / 37 ktons,Yes,€35 / 57 washes / 4.75% donated / carbon neutral,Yes,Somewhat agree,€100 / 7 washes / no donations / carbon neutral,No,€35 / 32 washes / 2% donated / carbon neutral,Yes,€35 / 32 washes / 2% donated / 72.6 ktons,Yes,€35 / 7 washes / 2% donated / 37 ktons,Yes,€35 / 57 washes / no donations / carbon neutral,Yes,25 - 34,Yes,Far below average
2023-05-23 19:17:31,2023-05-23 19:22:40,IP Address,145.128.238.129,100,308,True,2023-05-23 19:22:42,R_3HhmN48GcjLiAFV,,,,,51.9416,4.5968,anonymous,EN,1,€165 / 57 washes / no donations / 37 ktons,Yes,€165 / 57 washes / 2% donated / carbon neutral,Yes,€100 / 57 washes / 2% donated / 72.6 ktons,Yes,€100 / 57 washes / 2% donated / 37 ktons,Yes,€35 / 57 washes / 4.75% donated / carbon neutral,Yes,Somewhat agree,€165 / 32 washes / 2% donated / 37 ktons,Yes,€35 / 32 washes / 2% donated / carbon neutral,Yes,€35 / 32 washes / 2% donated / 72.6 ktons,Yes,€35 / 57 washes / no donations / 72.6 ktons,Yes,€35 / 57 washes / no donations / carbon neutral,Yes,25 - 34,Yes,Far below average
2023-05-23 19:19:30,2023-05-23 19:39:59,IP Address,31.21.249.124,100,1229,True,2023-05-23 19:40:01,R_1LYZaOgBBRlDnoy,,,,,51.9188,4.4721,anonymous,EN,1,€165 / 57 washes / no donations / 37 ktons,No,€35 / 32 washes / no donations / 37 ktons,Yes,€100 / 57 washes / 2% donated / 72.6 ktons,Yes,€35 / 32 washes / no donations / 72.6 ktons,Yes,€35 / 57 washes / 4.75% donated / carbon neutral,Yes,Somewhat agree,€35 / 7 washes / 4.75% donated / 72.6 ktons,Yes,€35 / 32 washes / 2% donated / carbon neutral,Yes,€35 / 32 washes / 2% donated / 72.6 ktons,Yes,€35 / 57 washes / no donations / 72.6 ktons,Yes,€35 / 57 washes / no donations / carbon neutral,Yes,18 - 24,Yes,Somewhat above average
2023-05-23 19:35:11,2023-05-23 19:41:42,IP Address,149.154.221.86,100,391,True,2023-05-23 19:41:44,R_vNaPn13VPp1h7YR,,,,,50.4102,4.4472,anonymous,EN,1,€100 / 7 washes / 2% donated / carbon neutral,No,€165 / 57 washes / 2% donated / carbon neutral,Yes,€165 / 32 washes / no donations / carbon neutral,No,€100 / 57 washes / 2% donated / 37 ktons,Yes,€35 / 57 washes / 4.75% donated / carbon neutral,Yes,Somewhat agree,€100 / 7 washes / no donations / carbon neutral,No,€35 / 32 washes / 2% donated / carbon neutral,Yes,€35 / 7 washes / no donations / carbon neutral,Yes,€100 / 32 washes / 4.57% donated / carbon neutral,Yes,€35 / 57 washes / no donations / carbon neutral,Yes,18 - 24,Yes,Average
2023-05-23 19:47:01,2023-05-23 19:59:01,IP Address,93.23.250.177,100,719,True,2023-05-23 19:59:03,R_2WNKFYziA9u7Wm4,,,,,45.7838,3.0966,anonymous,EN,1,€100 / 7 washes / 2% donated / carbon neutral,No,€165 / 57 washes / 2% donated / carbon neutral,Yes,€165 / 32 washes / no donations / carbon neutral,Yes,€100 / 57 washes / 2% donated / 37 ktons,Yes,€35 / 57 washes / 4.75% donated / carbon neutral,Yes,Somewhat agree,€165 / 32 washes / 2% donated / 37 ktons,Yes,€35 / 32 washes / 2% donated / carbon neutral,Yes,€35 / 7 washes / no donations / carbon neutral,Yes,€100 / 32 washes / 4.57% donated / carbon neutral,Yes,€35 / 57 washes / no donations / carbon neutral,Yes,25 - 34,Yes,Average
2023-05-23 19:55:50,2023-05-23 20:00:14,IP Address,109.88.31.74,100,263,True,2023-05-23 20:00:17,R_8entdHrhB8vu0jD,,,,,50.8028,4.3423,anonymous,EN,0.8999999761581421,€165 / 57 washes / no donations / 37 ktons,Yes,€165 / 57 washes / 2% donated / carbon neutral,Yes,€100 / 57 washes / 2% donated / 72.6 ktons,No,€100 / 57 washes / 2% donated / 37 ktons,Yes,€35 / 57 washes / 4.75% donated / carbon neutral,Yes,Somewhat agree,€35 / 7 washes / 4.75% donated / 72.6 ktons,No,€100 / 57 washes / no donations / 72.6 ktons,Yes,€35 / 7 washes / no donations / carbon neutral,Yes,€100 / 32 washes / 4.57% donated / carbon neutral,Yes,€35 / 57 washes / no donations / carbon neutral,Yes,18 - 24,Yes,Average
2023-05-23 20:04:55,2023-05-23 20:13:36,IP Address,86.243.40.141,100,521,True,2023-05-23 20:13:36,R_1EZPrqK6PKjzXF7,,,,,48.0835,7.3531,anonymous,EN,0.8999999761581421,€165 / 57 washes / no donations / 37 ktons,Yes,€165 / 57 washes / 2% donated / carbon neutral,Yes,€100 / 57 washes / 2% donated / 72.6 ktons,Yes,€100 / 57 washes / 2% donated / 37 ktons,Yes,€35 / 57 washes / 4.75% donated / carbon neutral,Yes,Somewhat agree,€35 / 7 washes / 4.75% donated / 72.6 ktons,No,€35 / 32 washes / 2% donated / carbon neutral,Yes,€35 / 32 washes / 2% donated / 72.6 ktons,Yes,€35 / 57 washes / no donations / 72.6 ktons,Yes,€35 / 57 washes / no donations / carbon neutral,Yes,25 - 34,Yes,Average
2023-05-23 20:20:37,2023-05-23 20:24:18,IP Address,89.205.129.40,100,220,True,2023-05-23 20:24:20,R_cClAoS6oWPp5vPz,,,,,52.3543,4.8951,anonymous,EN,0.800000011920929,€100 / 7 washes / 2% donated / carbon neutral,No,€165 / 57 washes / 2% donated / carbon neutral,Yes,€35 / 7 washes / 4.75% donated / 37 ktons,Yes,€165 / 7 washes / 4.75% donated / carbon neutral,Yes,€35 / 57 washes / 4.75% donated / carbon neutral,Yes,Somewhat agree,€165 / 32 washes / 2% donated / 37 ktons,No,€165 / 7 washes / 4.57% donated / 72.6 ktons,No,€35 / 32 washes / 2% donated / 72.6 ktons,No,€100 / 32 washes / 4.57% donated / carbon neutral,Yes,€165 / 32 washes / 4.75% donated / 72.6 ktons,Yes,25 - 34,Yes,Average
2023-05-23 20:31:37,2023-05-23 20:39:12,IP Address,178.197.228.205,100,455,True,2023-05-23 20:39:14,R_3PnJzOFQPWEyGzF,,,,,47.3682,8.5671,anonymous,EN,0.8999999761581421,€165 / 57 washes / no donations / 37 ktons,Yes,€165 / 57 washes / 2% donated / carbon neutral,Yes,€165 / 32 washes / no donations / carbon neutral,Yes,€100 / 57 washes / 2% donated / 37 ktons,Yes,€35 / 57 washes / 4.75% donated / carbon neutral,Yes,Somewhat agree,€165 / 32 washes / 2% donated / 37 ktons,No,€35 / 32 washes / 2% donated / carbon neutral,Yes,€100 / 57 washes / 4.75% donated / 72.6 ktons,Yes,€100 / 32 washes / 4.57% donated / carbon neutral,Yes,€35 / 57 washes / no donations / carbon neutral,Yes,25 - 34,Yes,Average
2023-05-23 20:39:33,2023-05-23 20:44:53,IP Address,95.182.180.8,100,320,True,2023-05-23 20:44:55,R_25zwb2kOV3wJaoT,,,,,50.5058,4.3627,anonymous,EN,0.800000011920929,€100 / 7 washes / 2% donated / carbon neutral,Yes,€35 / 32 washes / no donations / 37 ktons,Yes,€35 / 7 washes / 4.75% donated / 37 ktons,Yes,€100 / 57 washes / 2% donated / 37 ktons,Yes,€35 / 57 washes / 4.75% donated / carbon neutral,Yes,Somewhat agree,€100 / 7 washes / no donations / carbon neutral,Yes,€35 / 32 washes / 2% donated / carbon neutral,Yes,€35 / 7 washes / no donations / carbon neutral,Yes,€100 / 32 washes / 4.57% donated / carbon neutral,Yes,€35 / 57 washes / no donations / carbon neutral,Yes,18 - 24,No,Average
2023-05-23 20:40:56,2023-05-23 20:46:17,IP Address,109.131.134.225,100,321,True,2023-05-23 20:46:18,R_31tO00Sf8Xav9Er,,,,,50.8511,4.3132,anonymous,EN,0.8999999761581421,€165 / 57 washes / no donations / 37 ktons,No,€165 / 57 washes / 2% donated / carbon neutral,No,€35 / 7 washes / 4.75% donated / 37 ktons,Yes,€100 / 57 washes / 2% donated / 37 ktons,Yes,€35 / 57 washes / 4.75% donated / carbon neutral,Yes,Somewhat disagree,€165 / 32 washes / 2% donated / 37 ktons,No,€35 / 32 washes / 2% donated / carbon neutral,Yes,€35 / 7 washes / no donations / carbon neutral,No,€100 / 32 washes / 4.57% donated / carbon neutral,Yes,€100 / 7 washes / 2% donated / 37 ktons,No,18 - 24,No,Average
2023-05-23 20:44:44,2023-05-23 20:48:42,IP Address,90.167.95.232,100,238,True,2023-05-23 20:48:43,R_RWXflsoTUeBpgZP,,,,,41.387,2.1701,anonymous,EN,1,€100 / 7 washes / 2% donated / carbon neutral,No,€165 / 57 washes / 2% donated / carbon neutral,No,€165 / 32 washes / no donations / carbon neutral,No,€165 / 7 washes / 4.75% donated / carbon neutral,No,€35 / 57 washes / 4.75% donated / carbon neutral,Yes,Somewhat agree,€100 / 7 washes / no donations / carbon neutral,No,€35 / 32 washes / 2% donated / carbon neutral,Yes,€35 / 7 washes / no donations / carbon neutral,No,€100 / 32 washes / 4.57% donated / carbon neutral,No,€35 / 57 washes / no donations / carbon neutral,Yes,18 - 24,No,Average
2023-05-23 20:37:02,2023-05-23 20:49:40,IP Address,185.33.153.64,100,757,True,2023-05-23 20:49:40,R_3Ja4lcgIPCW1JSK,,,,,51.4931,5.6714,anonymous,EN,1,€35 / 7 washes / 4.75% donated / 72.6 ktons,No,€35 / 32 washes / no donations / 37 ktons,Yes,€165 / 32 washes / no donations / carbon neutral,No,€100 / 57 washes / 2% donated / 37 ktons,Yes,€35 / 57 washes / 4.75% donated / carbon neutral,Yes,Somewhat agree,€35 / 7 washes / 4.75% donated / 72.6 ktons,No,€35 / 32 washes / 2% donated / carbon neutral,Yes,€100 / 57 washes / 4.75% donated / 72.6 ktons,Yes,€100 / 32 washes / 4.57% donated / carbon neutral,Yes,€35 / 57 washes / no donations / carbon neutral,Yes,18 - 24,No,Somewhat below average
2023-05-23 20:59:03,2023-05-23 21:01:41,IP Address,31.152.248.247,100,157,True,2023-05-23 21:01:42,R_3COA6CfhBAHJO8B,,,,,40.6439,22.9358,anonymous,EN,1,€35 / 7 washes / 4.75% donated / 72.6 ktons,Yes,€35 / 32 washes / no donations / 37 ktons,Yes,€35 / 7 washes / 4.75% donated / 37 ktons,Yes,€35 / 32 washes / no donations / 72.6 ktons,Yes,€35 / 57 washes / 4.75% donated / carbon neutral,Yes,Somewhat agree,€35 / 7 washes / 4.75% donated / 72.6 ktons,Yes,€35 / 32 washes / 2% donated / carbon neutral,Yes,€35 / 32 washes / 2% donated / 72.6 ktons,Yes,€35 / 57 washes / no donations / 72.6 ktons,Yes,€35 / 57 washes / no donations / carbon neutral,Yes,25 - 34,Yes,Somewhat above average
2023-05-23 21:06:33,2023-05-23 21:09:14,IP Address,77.250.29.31,100,161,True,2023-05-23 21:09:15,R_1Cgt48qmQtxe59a,,,,,51.9281,4.5052,anonymous,EN,1,€35 / 7 washes / 4.75% donated / 72.6 ktons,No,€35 / 32 washes / no donations / 37 ktons,No,€165 / 32 washes / no donations / carbon neutral,No,€35 / 32 washes / no donations / 72.6 ktons,No,€165 / 7 washes / no donations / 72.6 ktons,No,Somewhat agree,€165 / 32 washes / 2% donated / 37 ktons,No,€35 / 32 washes / 2% donated / carbon neutral,No,€35 / 32 washes / 2% donated / 72.6 ktons,No,€35 / 57 washes / no donations / 72.6 ktons,No,€35 / 57 washes / no donations / carbon neutral,No,18 - 24,Yes,Average
2023-05-23 21:13:50,2023-05-23 21:19:14,IP Address,188.69.111.117,100,324,True,2023-05-23 21:19:15,R_2zObKPgr5pAHiM5,,,,,54.6912,25.2816,anonymous,EN,1,€165 / 57 washes / no donations / 37 ktons,No,€35 / 32 washes / no donations / 37 ktons,Yes,€35 / 7 washes / 4.75% donated / 37 ktons,No,€100 / 57 washes / 2% donated / 37 ktons,No,€35 / 57 washes / 4.75% donated / carbon neutral,Yes,Somewhat agree,€100 / 7 washes / no donations / carbon neutral,No,€35 / 32 washes / 2% donated / carbon neutral,Yes,€35 / 32 washes / 2% donated / 72.6 ktons,Yes,€100 / 32 washes / 4.57% donated / carbon neutral,No,€35 / 57 washes / no donations / carbon neutral,Yes,18 - 24,No,Average
2023-05-23 21:04:39,2023-05-23 21:20:18,IP Address,78.22.105.56,100,939,True,2023-05-23 21:20:19,R_z5VXBJSU4wPdWs9,,,,,51.047,3.7206,anonymous,EN,0.8999999761581421,€165 / 57 washes / no donations / 37 ktons,No,€165 / 57 washes / 2% donated / carbon neutral,No,€165 / 32 washes / no donations / carbon neutral,No,€100 / 57 washes / 2% donated / 37 ktons,Yes,€35 / 57 washes / 4.75% donated / carbon neutral,Yes,Somewhat agree,€165 / 32 washes / 2% donated / 37 ktons,No,€35 / 32 washes / 2% donated / carbon neutral,Yes,€35 / 32 washes / 2% donated / 72.6 ktons,No,€100 / 32 washes / 4.57% donated / carbon neutral,Yes,€35 / 57 washes / no donations / carbon neutral,Yes,18 - 24,No,Somewhat above average
2023-05-23 21:15:08,2023-05-23 21:21:27,IP Address,151.229.107.76,100,378,True,2023-05-23 21:21:27,R_1QmCAu4la83Qx4D,,,,,51.9049,0.9186,anonymous,EN,1,€100 / 7 washes / 2% donated / carbon neutral,No,€35 / 32 washes / no donations / 37 ktons,Yes,€100 / 57 washes / 2% donated / 72.6 ktons,No,€100 / 57 washes / 2% donated / 37 ktons,Yes,€35 / 57 washes / 4.75% donated / carbon neutral,Yes,Somewhat agree,€35 / 7 washes / 4.75% donated / 72.6 ktons,No,€35 / 32 washes / 2% donated / carbon neutral,Yes,€100 / 57 washes / 4.75% donated / 72.6 ktons,No,€100 / 32 washes / 4.57% donated / carbon neutral,Yes,€35 / 57 washes / no donations / carbon neutral,Yes,25 - 34,Yes,Somewhat above average
2023-05-23 21:57:10,2023-05-23 22:01:57,IP Address,93.34.91.229,100,286,True,2023-05-23 22:01:58,R_1dc9sIVET3PGHTL,,,,,41.8904,12.5126,anonymous,EN,1,€165 / 57 washes / no donations / 37 ktons,No,€35 / 32 washes / no donations / 37 ktons,Yes,€100 / 57 washes / 2% donated / 72.6 ktons,Yes,€100 / 57 washes / 2% donated / 37 ktons,Yes,€35 / 57 washes / 4.75% donated / carbon neutral,Yes,Somewhat agree,€165 / 32 washes / 2% donated / 37 ktons,No,€35 / 32 washes / 2% donated / carbon neutral,Yes,€35 / 32 washes / 2% donated / 72.6 ktons,Yes,€35 / 57 washes / no donations / 72.6 ktons,Yes,€35 / 57 washes / no donations / carbon neutral,Yes,25 - 34,Yes,Average
2023-05-23 22:02:25,2023-05-23 22:06:40,IP Address,109.178.179.3,100,255,True,2023-05-23 22:06:41,R_XsPfut0Z1m3iMSd,,,,,37.9667,23.7167,anonymous,EN,0.800000011920929,€165 / 57 washes / no donations / 37 ktons,No,€35 / 32 washes / no donations / 37 ktons,Yes,€100 / 57 washes / 2% donated / 72.6 ktons,No,€100 / 57 washes / 2% donated / 37 ktons,Yes,€35 / 57 washes / 4.75% donated / carbon neutral,Yes,Somewhat agree,€100 / 7 washes / no donations / carbon neutral,No,€35 / 32 washes / 2% donated / carbon neutral,Yes,€35 / 32 washes / 2% donated / 72.6 ktons,Yes,€35 / 57 washes / no donations / 72.6 ktons,Yes,€35 / 57 washes / no donations / carbon neutral,Yes,18 - 24,Yes,Somewhat below average
2023-05-23 22:06:27,2023-05-23 22:11:46,IP Address,81.244.132.140,100,318,True,2023-05-23 22:11:48,R_1rdyR1SiMh4Glfz,,,,,50.842,4.4383,anonymous,EN,1,€165 / 57 washes / no donations / 37 ktons,No,€35 / 32 washes / no donations / 37 ktons,Yes,€165 / 32 washes / no donations / carbon neutral,No,€100 / 57 washes / 2% donated / 37 ktons,Yes,€35 / 57 washes / 4.75% donated / carbon neutral,Yes,Somewhat agree,€165 / 32 washes / 2% donated / 37 ktons,No,€35 / 32 washes / 2% donated / carbon neutral,Yes,€35 / 32 washes / 2% donated / 72.6 ktons,Yes,€100 / 32 washes / 4.57% donated / carbon neutral,No,€35 / 57 washes / no donations / carbon neutral,Yes,18 - 24,No,Somewhat above average
2023-05-23 22:57:44,2023-05-23 23:22:09,IP Address,176.199.211.34,100,1464,True,2023-05-23 23:22:09,R_2QupGPKQdciCGlw,,,,,49.459,8.4869,anonymous,EN,0.8999999761581421,€165 / 57 washes / no donations / 37 ktons,No,€165 / 57 washes / 2% donated / carbon neutral,No,€100 / 57 washes / 2% donated / 72.6 ktons,No,€100 / 57 washes / 2% donated / 37 ktons,No,€35 / 57 washes / 4.75% donated / carbon neutral,Yes,Somewhat agree,€165 / 32 washes / 2% donated / 37 ktons,No,€35 / 32 washes / 2% donated / carbon neutral,Yes,€100 / 57 washes / 4.75% donated / 72.6 ktons,No,€35 / 57 washes / no donations / 72.6 ktons,Yes,€35 / 57 washes / no donations / carbon neutral,No,18 - 24,Yes,Somewhat above average
2023-05-23 23:25:22,2023-05-23 23:29:58,IP Address,176.82.156.153,100,275,True,2023-05-23 23:29:58,R_1jKemltytugNCbi,,,,,36.7261,-4.426,anonymous,EN,1,€165 / 57 washes / no donations / 37 ktons,No,€165 / 57 washes / 2% donated / carbon neutral,No,€100 / 57 washes / 2% donated / 72.6 ktons,Yes,€100 / 57 washes / 2% donated / 37 ktons,Yes,€35 / 57 washes / 4.75% donated / carbon neutral,Yes,Somewhat agree,€165 / 32 washes / 2% donated / 37 ktons,No,€35 / 32 washes / 2% donated / carbon neutral,Yes,€35 / 7 washes / no donations / carbon neutral,Yes,€100 / 32 washes / 4.57% donated / carbon neutral,Yes,€35 / 57 washes / no donations / carbon neutral,Yes,25 - 34,No,Somewhat below average
2023-05-23 23:45:43,2023-05-23 23:47:48,IP Address,89.205.63.81,100,124,True,2023-05-23 23:47:48,R_243Vo6naQ5qRgJ3,,,,,41.9985,21.4313,anonymous,EN,0.8999999761581421,€35 / 7 washes / 4.75% donated / 72.6 ktons,Yes,€100 / 7 washes / no donations / 72.6 ktons,No,€165 / 32 washes / no donations / carbon neutral,No,€100 / 57 washes / 2% donated / 37 ktons,Yes,€165 / 7 washes / no donations / 72.6 ktons,No,Strongly agree,€100 / 7 washes / no donations / carbon neutral,Yes,€35 / 32 washes / 2% donated / carbon neutral,Yes,€100 / 57 washes / 4.75% donated / 72.6 ktons,Yes,€100 / 32 washes / 4.57% donated / carbon neutral,Yes,€35 / 57 washes / no donations / carbon neutral,No,18 - 24,No,Average
2023-05-23 23:56:30,2023-05-23 23:59:05,IP Address,80.112.145.83,100,154,True,2023-05-23 23:59:05,R_2abnhgOkqT4Mw9t,,,,,51.9905,4.3364,anonymous,EN,1,€35 / 7 washes / 4.75% donated / 72.6 ktons,Yes,€35 / 32 washes / no donations / 37 ktons,Yes,€35 / 7 washes / 4.75% donated / 37 ktons,Yes,€35 / 32 washes / no donations / 72.6 ktons,Yes,€35 / 57 washes / 4.75% donated / carbon neutral,Yes,Somewhat agree,€35 / 7 washes / 4.75% donated / 72.6 ktons,Yes,€35 / 32 washes / 2% donated / carbon neutral,Yes,€35 / 7 washes / no donations / carbon neutral,Yes,€35 / 7 washes / 2% donated / 37 ktons,Yes,€35 / 57 washes / no donations / carbon neutral,Yes,25 - 34,No,Somewhat above average
2023-05-24 00:06:59,2023-05-24 00:13:43,IP Address,80.57.98.246,100,403,True,2023-05-24 00:13:45,R_1pDrquYWgfteRZ0,,,,,51.4357,5.4842,anonymous,EN,0.8999999761581421,€165 / 57 washes / no donations / 37 ktons,Yes,€165 / 57 washes / 2% donated / carbon neutral,Yes,€100 / 57 washes / 2% donated / 72.6 ktons,Yes,€100 / 57 washes / 2% donated / 37 ktons,Yes,€35 / 57 washes / 4.75% donated / carbon neutral,Yes,Somewhat agree,€165 / 32 washes / 2% donated / 37 ktons,Yes,€35 / 32 washes / 2% donated / carbon neutral,Yes,€35 / 32 washes / 2% donated / 72.6 ktons,Yes,€35 / 57 washes / no donations / 72.6 ktons,Yes,€35 / 57 washes / no donations / carbon neutral,Yes,18 - 24,Yes,Somewhat above average
2023-05-24 01:02:25,2023-05-24 01:12:17,IP Address,207.194.39.170,100,592,True,2023-05-24 01:12:18,R_3PC6TUa2jZCyKKN,,,,,49.1049,-122.824,anonymous,EN,1,€165 / 57 washes / no donations / 37 ktons,No,€35 / 32 washes / no donations / 37 ktons,Yes,€100 / 57 washes / 2% donated / 72.6 ktons,Yes,€100 / 57 washes / 2% donated / 37 ktons,Yes,€35 / 57 washes / 4.75% donated / carbon neutral,Yes,Somewhat disagree,€165 / 32 washes / 2% donated / 37 ktons,No,€35 / 32 washes / 2% donated / carbon neutral,Yes,€35 / 32 washes / 2% donated / 72.6 ktons,Yes,€35 / 57 washes / no donations / 72.6 ktons,Yes,€35 / 57 washes / no donations / carbon neutral,Yes,18 - 24,Yes,Average
2023-05-24 01:48:56,2023-05-24 01:58:48,IP Address,142.169.18.1,100,592,True,2023-05-24 01:58:49,R_2c6mlNieUov5t08,,,,,45.5329,-73.5565,anonymous,EN,0.8999999761581421,€165 / 57 washes / no donations / 37 ktons,No,€35 / 32 washes / no donations / 37 ktons,Yes,€100 / 57 washes / 2% donated / 72.6 ktons,Yes,€35 / 32 washes / no donations / 72.6 ktons,Yes,€35 / 57 washes / 4.75% donated / carbon neutral,Yes,Somewhat disagree,€165 / 32 washes / 2% donated / 37 ktons,No,€35 / 32 washes / 2% donated / carbon neutral,Yes,€35 / 32 washes / 2% donated / 72.6 ktons,Yes,€35 / 57 washes / no donations / 72.6 ktons,Yes,€35 / 57 washes / no donations / carbon neutral,Yes,18 - 24,Yes,Average
2023-05-24 09:32:15,2023-05-24 09:36:31,IP Address,188.153.22.31,100,255,True,2023-05-24 09:36:32,R_3HtUhLDqzSDI4hu,,,,,45.4722,9.1922,anonymous,EN,0.8999999761581421,€35 / 7 washes / 4.75% donated / 72.6 ktons,Yes,€100 / 7 washes / no donations / 72.6 ktons,No,€165 / 32 washes / no donations / carbon neutral,No,€35 / 32 washes / no donations / 72.6 ktons,Yes,€35 / 57 washes / 4.75% donated / carbon neutral,Yes,Somewhat agree,€35 / 7 washes / 4.75% donated / 72.6 ktons,Yes,€35 / 32 washes / 2% donated / carbon neutral,Yes,€100 / 57 washes / 4.75% donated / 72.6 ktons,Yes,€35 / 57 washes / no donations / 72.6 ktons,Yes,€165 / 32 washes / 4.75% donated / 72.6 ktons,No,18 - 24,No,Average
2023-05-24 09:37:16,2023-05-24 09:44:53,IP Address,37.185.38.70,100,456,True,2023-05-24 09:44:53,R_3KUzCA4sJZLWUwK,,,,,50.8511,4.3132,anonymous,EN,1,€165 / 57 washes / no donations / 37 ktons,No,€165 / 57 washes / 2% donated / carbon neutral,No,€100 / 57 washes / 2% donated / 72.6 ktons,Yes,€100 / 57 washes / 2% donated / 37 ktons,Yes,€35 / 57 washes / 4.75% donated / carbon neutral,Yes,Somewhat agree,€165 / 32 washes / 2% donated / 37 ktons,No,€35 / 32 washes / 2% donated / carbon neutral,Yes,€100 / 57 washes / 4.75% donated / 72.6 ktons,Yes,€35 / 57 washes / no donations / 72.6 ktons,Yes,€35 / 57 washes / no donations / carbon neutral,Yes,18 - 24,No,Average
2023-05-24 10:01:17,2023-05-24 10:06:34,IP Address,157.193.5.105,100,316,True,2023-05-24 10:06:34,R_2aFQOsjMAJztJcF,,,,,51.047,3.7206,anonymous,EN,0.8999999761581421,€165 / 57 washes / no donations / 37 ktons,Yes,€35 / 32 washes / no donations / 37 ktons,Yes,€100 / 57 washes / 2% donated / 72.6 ktons,Yes,€100 / 57 washes / 2% donated / 37 ktons,Yes,€35 / 57 washes / 4.75% donated / carbon neutral,Yes,Somewhat agree,€165 / 32 washes / 2% donated / 37 ktons,Yes,€35 / 32 washes / 2% donated / carbon neutral,Yes,€35 / 32 washes / 2% donated / 72.6 ktons,Yes,€35 / 57 washes / no donations / 72.6 ktons,Yes,€35 / 57 washes / no donations / carbon neutral,Yes,18 - 24,No,Somewhat below average
2023-05-24 10:13:28,2023-05-24 10:18:07,IP Address,37.159.10.104,100,279,True,2023-05-24 10:18:08,R_1LSAcwSIGKWx9cy,,,,,45.0914,7.6639,anonymous,EN,1,€165 / 57 washes / no donations / 37 ktons,No,€165 / 57 washes / 2% donated / carbon neutral,Yes,€100 / 57 washes / 2% donated / 72.6 ktons,No,€100 / 57 washes / 2% donated / 37 ktons,Yes,€35 / 57 washes / 4.75% donated / carbon neutral,Yes,Somewhat agree,€35 / 7 washes / 4.75% donated / 72.6 ktons,No,€100 / 57 washes / no donations / 72.6 ktons,Yes,€35 / 32 washes / 2% donated / 72.6 ktons,Yes,€35 / 57 washes / no donations / 72.6 ktons,Yes,€35 / 57 washes / no donations / carbon neutral,Yes,18 - 24,No,Somewhat below average
2023-05-24 10:17:29,2023-05-24 10:22:47,IP Address,81.169.108.198,100,317,True,2023-05-24 10:22:49,R_a8JXRHUBwVzah45,,,,,50.8534,4.347,anonymous,EN,1,€165 / 57 washes / no donations / 37 ktons,Yes,€165 / 57 washes / 2% donated / carbon neutral,Yes,€100 / 57 washes / 2% donated / 72.6 ktons,Yes,€100 / 57 washes / 2% donated / 37 ktons,Yes,€35 / 57 washes / 4.75% donated / carbon neutral,Yes,Somewhat agree,€35 / 7 washes / 4.75% donated / 72.6 ktons,Yes,€100 / 57 washes / no donations / 72.6 ktons,Yes,€35 / 32 washes / 2% donated / 72.6 ktons,Yes,€35 / 57 washes / no donations / 72.6 ktons,Yes,€35 / 57 washes / no donations / carbon neutral,Yes,25 - 34,No,Somewhat below average
2023-05-24 10:28:05,2023-05-24 10:32:18,IP Address,185.219.167.202,100,252,True,2023-05-24 10:32:20,R_WxjuzgNPCebhMCB,,,,,49.1199,16.7365,anonymous,EN,0.8999999761581421,€100 / 7 washes / 2% donated / carbon neutral,No,€35 / 32 washes / no donations / 37 ktons,Yes,€165 / 32 washes / no donations / carbon neutral,Yes,€35 / 32 washes / no donations / 72.6 ktons,No,€35 / 57 washes / 4.75% donated / carbon neutral,Yes,Somewhat agree,€35 / 7 washes / 4.75% donated / 72.6 ktons,Yes,€35 / 32 washes / 2% donated / carbon neutral,Yes,€35 / 32 washes / 2% donated / 72.6 ktons,Yes,€100 / 32 washes / 4.57% donated / carbon neutral,No,€35 / 57 washes / no donations / carbon neutral,Yes,18 - 24,No,Average
2023-05-24 10:37:38,2023-05-24 10:43:37,IP Address,134.109.211.216,100,359,True,2023-05-24 10:43:39,R_2qDzX84J8QIK6WP,,,,,50.8191,12.9419,anonymous,EN,1,€165 / 57 washes / no donations / 37 ktons,No,€35 / 32 washes / no donations / 37 ktons,Yes,€100 / 57 washes / 2% donated / 72.6 ktons,Yes,€100 / 57 washes / 2% donated / 37 ktons,Yes,€35 / 57 washes / 4.75% donated / carbon neutral,Yes,Somewhat agree,€165 / 32 washes / 2% donated / 37 ktons,No,€35 / 32 washes / 2% donated / carbon neutral,Yes,€35 / 7 washes / no donations / carbon neutral,No,€100 / 32 washes / 4.57% donated / carbon neutral,Yes,€35 / 57 washes / no donations / carbon neutral,Yes,18 - 24,Yes,Somewhat above average
2023-05-24 10:45:10,2023-05-24 10:48:23,IP Address,84.78.16.159,100,193,True,2023-05-24 10:48:24,R_1ertf8CPuuOUluJ,,,,,41.6547,-4.7344,anonymous,EN,1,€165 / 57 washes / no donations / 37 ktons,Yes,€35 / 32 washes / no donations / 37 ktons,Yes,€100 / 57 washes / 2% donated / 72.6 ktons,Yes,€100 / 57 washes / 2% donated / 37 ktons,Yes,€35 / 57 washes / 4.75% donated / carbon neutral,Yes,Somewhat agree,€35 / 7 washes / 4.75% donated / 72.6 ktons,No,€100 / 57 washes / no donations / 72.6 ktons,Yes,€35 / 32 washes / 2% donated / 72.6 ktons,Yes,€35 / 57 washes / no donations / 72.6 ktons,Yes,€35 / 57 washes / no donations / carbon neutral,Yes,18 - 24,Yes,Somewhat below average
2023-05-24 10:52:14,2023-05-24 10:58:14,IP Address,78.129.91.132,100,360,True,2023-05-24 10:58:16,R_D7eE4Er7MWTywdX,,,,,50.8274,4.348,anonymous,EN,1,€165 / 57 washes / no donations / 37 ktons,No,€35 / 32 washes / no donations / 37 ktons,Yes,€165 / 32 washes / no donations / carbon neutral,No,€100 / 57 washes / 2% donated / 37 ktons,Yes,€35 / 57 washes / 4.75% donated / carbon neutral,Yes,Somewhat agree,€35 / 7 washes / 4.75% donated / 72.6 ktons,No,€100 / 57 washes / no donations / 72.6 ktons,Yes,€35 / 32 washes / 2% donated / 72.6 ktons,Yes,€35 / 57 washes / no donations / 72.6 ktons,Yes,€35 / 57 washes / no donations / carbon neutral,Yes,18 - 24,Yes,Somewhat below average
2023-05-24 11:31:50,2023-05-24 11:38:42,IP Address,114.125.108.201,100,412,True,2023-05-24 11:38:43,R_pGxBamccGGv6edz,,,,,-7.2484,112.7419,anonymous,EN,0.8999999761581421,€165 / 57 washes / no donations / 37 ktons,Yes,€165 / 57 washes / 2% donated / carbon neutral,Yes,€100 / 57 washes / 2% donated / 72.6 ktons,Yes,€100 / 57 washes / 2% donated / 37 ktons,Yes,€35 / 57 washes / 4.75% donated / carbon neutral,Yes,Somewhat agree,€165 / 32 washes / 2% donated / 37 ktons,No,€35 / 32 washes / 2% donated / carbon neutral,Yes,€100 / 57 washes / 4.75% donated / 72.6 ktons,Yes,€100 / 32 washes / 4.57% donated / carbon neutral,Yes,€35 / 57 washes / no donations / carbon neutral,Yes,25 - 34,No,Somewhat above average
2023-05-24 11:48:14,2023-05-24 11:52:39,IP Address,147.250.2.201,100,265,True,2023-05-24 11:52:40,R_3fK4XT7WBSzuHVP,,,,,48.7144,2.2463,anonymous,EN,1,€165 / 57 washes / no donations / 37 ktons,No,€165 / 57 washes / 2% donated / carbon neutral,Yes,€165 / 32 washes / no donations / carbon neutral,No,€100 / 57 washes / 2% donated / 37 ktons,Yes,€35 / 57 washes / 4.75% donated / carbon neutral,Yes,Somewhat agree,€100 / 7 washes / no donations / carbon neutral,No,€35 / 32 washes / 2% donated / carbon neutral,Yes,€35 / 7 washes / no donations / carbon neutral,Yes,€35 / 7 washes / 2% donated / 37 ktons,Yes,€35 / 57 washes / no donations / carbon neutral,Yes,18 - 24,No,Somewhat below average
2023-05-24 11:51:44,2023-05-24 11:55:41,IP Address,109.166.131.42,100,236,True,2023-05-24 11:55:43,R_2czLH7bYahVFXbe,,,,,44.405,26.0718,anonymous,EN,1,€165 / 57 washes / no donations / 37 ktons,No,€35 / 32 washes / no donations / 37 ktons,No,€100 / 57 washes / 2% donated / 72.6 ktons,No,€100 / 57 washes / 2% donated / 37 ktons,No,€35 / 57 washes / 4.75% donated / carbon neutral,Yes,Somewhat agree,€35 / 7 washes / 4.75% donated / 72.6 ktons,No,€35 / 32 washes / 2% donated / carbon neutral,Yes,€35 / 32 washes / 2% donated / 72.6 ktons,No,€35 / 57 washes / no donations / 72.6 ktons,No,€35 / 57 washes / no donations / carbon neutral,Yes,18 - 24,No,Average
2023-05-24 11:52:24,2023-05-24 11:56:02,IP Address,145.5.180.29,100,218,True,2023-05-24 11:56:03,R_3CW5U1BpWuhIEdP,,,,,51.9156,4.5146,anonymous,EN,1,€165 / 57 washes / no donations / 37 ktons,Yes,€165 / 57 washes / 2% donated / carbon neutral,Yes,€165 / 32 washes / no donations / carbon neutral,No,€100 / 57 washes / 2% donated / 37 ktons,Yes,€35 / 57 washes / 4.75% donated / carbon neutral,Yes,Somewhat agree,€165 / 32 washes / 2% donated / 37 ktons,No,€35 / 32 washes / 2% donated / carbon neutral,Yes,€100 / 57 washes / 4.75% donated / 72.6 ktons,No,€100 / 32 washes / 4.57% donated / carbon neutral,No,€35 / 57 washes / no donations / carbon neutral,Yes,18 - 24,Yes,Average
2023-05-24 12:01:14,2023-05-24 12:09:20,IP Address,213.93.164.185,100,486,True,2023-05-24 12:09:26,R_8GJoRuiamrtzzpf,,,,,51.9281,4.5052,anonymous,EN,1,€165 / 57 washes / no donations / 37 ktons,No,€35 / 32 washes / no donations / 37 ktons,Yes,€100 / 57 washes / 2% donated / 72.6 ktons,No,€35 / 32 washes / no donations / 72.6 ktons,Yes,€35 / 57 washes / 4.75% donated / carbon neutral,Yes,Somewhat agree,€165 / 32 washes / 2% donated / 37 ktons,No,€35 / 32 washes / 2% donated / carbon neutral,Yes,€100 / 57 washes / 4.75% donated / 72.6 ktons,No,€35 / 57 washes / no donations / 72.6 ktons,Yes,€35 / 57 washes / no donations / carbon neutral,Yes,18 - 24,Yes,Average
2023-05-24 12:12:59,2023-05-24 12:15:12,IP Address,86.93.210.111,100,133,True,2023-05-24 12:15:14,R_u8Pnt9PdHfV9SNz,,,,,52.0093,4.3447,anonymous,EN,1,€35 / 7 washes / 4.75% donated / 72.6 ktons,No,€35 / 32 washes / no donations / 37 ktons,Yes,€35 / 7 washes / 4.75% donated / 37 ktons,No,€35 / 32 washes / no donations / 72.6 ktons,No,€35 / 57 washes / 4.75% donated / carbon neutral,Yes,Somewhat agree,€35 / 7 washes / 4.75% donated / 72.6 ktons,No,€35 / 32 washes / 2% donated / carbon neutral,No,€35 / 7 washes / no donations / carbon neutral,Yes,€35 / 57 washes / no donations / 72.6 ktons,No,€35 / 57 washes / no donations / carbon neutral,Yes,18 - 24,Yes,Average
2023-05-24 12:29:44,2023-05-24 12:32:38,IP Address,213.34.79.250,100,174,True,2023-05-24 12:32:40,R_Y5rwhghZ6KSAKSR,,,,,52.352,4.8384,anonymous,EN,0.699999988079071,€35 / 7 washes / 4.75% donated / 72.6 ktons,No,€35 / 32 washes / no donations / 37 ktons,No,€35 / 7 washes / 4.75% donated / 37 ktons,Yes,€35 / 32 washes / no donations / 72.6 ktons,No,€35 / 57 washes / 4.75% donated / carbon neutral,Yes,Somewhat agree,€35 / 7 washes / 4.75% donated / 72.6 ktons,No,€35 / 32 washes / 2% donated / carbon neutral,Yes,€35 / 7 washes / no donations / carbon neutral,Yes,€35 / 7 washes / 2% donated / 37 ktons,Yes,€35 / 57 washes / no donations / carbon neutral,Yes,25 - 34,Yes,Average
2023-05-24 12:37:15,2023-05-24 12:41:51,IP Address,212.239.205.119,100,276,True,2023-05-24 12:41:52,R_3RgqXVVQO23ElQE,,,,,50.8534,4.347,anonymous,EN,0.8999999761581421,€165 / 57 washes / no donations / 37 ktons,Yes,€165 / 57 washes / 2% donated / carbon neutral,Yes,€165 / 32 washes / no donations / carbon neutral,Yes,€100 / 57 washes / 2% donated / 37 ktons,Yes,€35 / 57 washes / 4.75% donated / carbon neutral,Yes,Somewhat agree,€165 / 32 washes / 2% donated / 37 ktons,No,€100 / 57 washes / no donations / 72.6 ktons,Yes,€100 / 57 washes / 4.75% donated / 72.6 ktons,No,€100 / 32 washes / 4.57% donated / carbon neutral,Yes,€35 / 57 washes / no donations / carbon neutral,Yes,25 - 34,Yes,Average
2023-05-24 12:40:58,2023-05-24 12:59:14,IP Address,94.224.194.244,100,1095,True,2023-05-24 12:59:16,R_3iwHsIlc0dmd4Kr,,,,,50.8534,4.347,anonymous,EN,0.8999999761581421,€165 / 57 washes / no donations / 37 ktons,No,€35 / 32 washes / no donations / 37 ktons,No,€100 / 57 washes / 2% donated / 72.6 ktons,No,€35 / 32 washes / no donations / 72.6 ktons,No,€35 / 57 washes / 4.75% donated / carbon neutral,Yes,Somewhat agree,€35 / 7 washes / 4.75% donated / 72.6 ktons,No,€35 / 32 washes / 2% donated / carbon neutral,No,€35 / 32 washes / 2% donated / 72.6 ktons,No,€35 / 57 washes / no donations / 72.6 ktons,No,€35 / 57 washes / no donations / carbon neutral,Yes,25 - 34,No,Somewhat below average
2023-05-24 12:53:19,2023-05-24 12:59:32,IP Address,109.128.16.136,100,373,True,2023-05-24 12:59:33,R_1H7PIIJ4sXwAZiO,,,,,50.6079,3.3916,anonymous,EN,1,€165 / 57 washes / no donations / 37 ktons,No,€165 / 57 washes / 2% donated / carbon neutral,Yes,€100 / 57 washes / 2% donated / 72.6 ktons,Yes,€100 / 57 washes / 2% donated / 37 ktons,Yes,€35 / 57 washes / 4.75% donated / carbon neutral,Yes,Somewhat agree,€165 / 32 washes / 2% donated / 37 ktons,No,€35 / 32 washes / 2% donated / carbon neutral,Yes,€35 / 7 washes / no donations / carbon neutral,No,€100 / 32 washes / 4.57% donated / carbon neutral,Yes,€35 / 57 washes / no donations / carbon neutral,Yes,25 - 34,Yes,Somewhat above average
2023-05-24 13:27:02,2023-05-24 13:32:03,IP Address,85.1.221.131,100,301,True,2023-05-24 13:32:04,R_6YGc2cbWSprWDQd,,,,,46.0138,8.9397,anonymous,EN,0.8999999761581421,€35 / 7 washes / 4.75% donated / 72.6 ktons,Yes,€165 / 57 washes / 2% donated / carbon neutral,No,€35 / 7 washes / 4.75% donated / 37 ktons,Yes,€100 / 57 washes / 2% donated / 37 ktons,Yes,€35 / 57 washes / 4.75% donated / carbon neutral,Yes,Somewhat agree,€35 / 7 washes / 4.75% donated / 72.6 ktons,Yes,€35 / 32 washes / 2% donated / carbon neutral,Yes,€35 / 32 washes / 2% donated / 72.6 ktons,Yes,€100 / 32 washes / 4.57% donated / carbon neutral,Yes,€35 / 57 washes / no donations / carbon neutral,Yes,25 - 34,Yes,Average
2023-05-24 13:33:07,2023-05-24 13:36:18,IP Address,83.135.191.146,100,191,True,2023-05-24 13:36:20,R_1ihwBtyfeFo7wev,,,,,51.2153,6.6544,anonymous,EN,1,€100 / 7 washes / 2% donated / carbon neutral,Yes,€165 / 57 washes / 2% donated / carbon neutral,Yes,€165 / 32 washes / no donations / carbon neutral,Yes,€165 / 7 washes / 4.75% donated / carbon neutral,Yes,€35 / 57 washes / 4.75% donated / carbon neutral,Yes,Somewhat agree,€100 / 7 washes / no donations / carbon neutral,No,€35 / 32 washes / 2% donated / carbon neutral,Yes,€100 / 57 washes / 4.75% donated / 72.6 ktons,Yes,€100 / 32 washes / 4.57% donated / carbon neutral,Yes,€35 / 57 washes / no donations / carbon neutral,Yes,18 - 24,No,Somewhat above average
2023-05-24 13:43:44,2023-05-24 13:46:24,IP Address,141.252.213.210,100,159,True,2023-05-24 13:46:24,R_2xWa3kcr6bt9z1V,,,,,52.8462,5.8398,anonymous,EN,1,€35 / 7 washes / 4.75% donated / 72.6 ktons,No,€35 / 32 washes / no donations / 37 ktons,Yes,€35 / 7 washes / 4.75% donated / 37 ktons,No,€100 / 57 washes / 2% donated / 37 ktons,No,€35 / 57 washes / 4.75% donated / carbon neutral,Yes,Somewhat agree,€100 / 7 washes / no donations / carbon neutral,No,€35 / 32 washes / 2% donated / carbon neutral,Yes,€35 / 7 washes / no donations / carbon neutral,Yes,€100 / 32 washes / 4.57% donated / carbon neutral,No,€35 / 57 washes / no donations / carbon neutral,Yes,18 - 24,Yes,Somewhat above average
2023-05-24 13:59:17,2023-05-24 14:01:20,IP Address,143.178.160.114,100,123,True,2023-05-24 14:01:22,R_3MR1hROAR7dG5Ak,,,,,51.8339,5.8643,anonymous,EN,1,€35 / 7 washes / 4.75% donated / 72.6 ktons,No,€35 / 32 washes / no donations / 37 ktons,No,€100 / 57 washes / 2% donated / 72.6 ktons,No,€35 / 32 washes / no donations / 72.6 ktons,No,€35 / 57 washes / 4.75% donated / carbon neutral,No,Somewhat agree,€35 / 7 washes / 4.75% donated / 72.6 ktons,No,€35 / 32 washes / 2% donated / carbon neutral,No,€35 / 7 washes / no donations / carbon neutral,No,€35 / 7 washes / 2% donated / 37 ktons,No,€35 / 57 washes / no donations / carbon neutral,No,18 - 24,Yes,Somewhat below average
2023-05-24 14:10:43,2023-05-24 14:14:53,IP Address,84.241.200.56,100,250,True,2023-05-24 14:14:55,R_2Yz85hYYgpNLYO2,,,,,51.9112,4.4481,anonymous,EN,0.8999999761581421,€165 / 57 washes / no donations / 37 ktons,No,€165 / 57 washes / 2% donated / carbon neutral,No,€165 / 32 washes / no donations / carbon neutral,No,€100 / 57 washes / 2% donated / 37 ktons,No,€35 / 57 washes / 4.75% donated / carbon neutral,Yes,Somewhat agree,€165 / 32 washes / 2% donated / 37 ktons,No,€35 / 32 washes / 2% donated / carbon neutral,Yes,€35 / 32 washes / 2% donated / 72.6 ktons,Yes,€35 / 57 washes / no donations / 72.6 ktons,Yes,€35 / 57 washes / no donations / carbon neutral,Yes,18 - 24,Yes,Somewhat below average
2023-05-24 14:29:58,2023-05-24 14:35:36,IP Address,67.69.76.206,100,338,True,2023-05-24 14:35:38,R_4SMRl5ObEI6KR33,,,,,45.51,-73.5665,anonymous,EN,0.4000000059604645,€35 / 7 washes / 4.75% donated / 72.6 ktons,No,€165 / 57 washes / 2% donated / carbon neutral,No,€100 / 57 washes / 2% donated / 72.6 ktons,No,€100 / 57 washes / 2% donated / 37 ktons,No,€35 / 57 washes / 4.75% donated / carbon neutral,Yes,Somewhat agree,€165 / 32 washes / 2% donated / 37 ktons,No,€100 / 57 washes / no donations / 72.6 ktons,No,€35 / 32 washes / 2% donated / 72.6 ktons,Yes,€35 / 57 washes / no donations / 72.6 ktons,Yes,€35 / 57 washes / no donations / carbon neutral,Yes,25 - 34,Yes,Average
2023-05-24 15:06:32,2023-05-24 15:09:04,IP Address,145.5.180.6,100,152,True,2023-05-24 15:09:05,R_2yjQ1wl9tZl98Aa,,,,,51.9156,4.5146,anonymous,EN,1,€165 / 57 washes / no donations / 37 ktons,Yes,€35 / 32 washes / no donations / 37 ktons,Yes,€100 / 57 washes / 2% donated / 72.6 ktons,Yes,€35 / 32 washes / no donations / 72.6 ktons,Yes,€35 / 57 washes / 4.75% donated / carbon neutral,Yes,Somewhat agree,€165 / 32 washes / 2% donated / 37 ktons,Yes,€35 / 32 washes / 2% donated / carbon neutral,Yes,€35 / 32 washes / 2% donated / 72.6 ktons,Yes,€35 / 57 washes / no donations / 72.6 ktons,Yes,€35 / 57 washes / no donations / carbon neutral,Yes,18 - 24,Yes,Somewhat below average
2023-05-24 15:11:52,2023-05-24 15:15:14,IP Address,157.193.240.143,100,201,True,2023-05-24 15:15:16,R_3rZHL87BVz0PKOI,,,,,51.047,3.7206,anonymous,EN,0.8999999761581421,€100 / 7 washes / 2% donated / carbon neutral,Yes,€165 / 57 washes / 2% donated / carbon neutral,No,€100 / 57 washes / 2% donated / 72.6 ktons,Yes,€100 / 57 washes / 2% donated / 37 ktons,Yes,€100 / 32 washes / 4.75% donated / 37 ktons,Yes,Somewhat agree,€165 / 32 washes / 2% donated / 37 ktons,No,€35 / 32 washes / 2% donated / carbon neutral,Yes,€100 / 57 washes / 4.75% donated / 72.6 ktons,Yes,€35 / 57 washes / no donations / 72.6 ktons,Yes,€35 / 57 washes / no donations / carbon neutral,Yes,18 - 24,Yes,Far above average
2023-05-24 15:15:37,2023-05-24 15:18:30,IP Address,193.190.88.232,100,173,True,2023-05-24 15:18:31,R_1KdvAsRN9RoYiAo,,,,,50.8318,4.0214,anonymous,EN,1,€165 / 57 washes / no donations / 37 ktons,Yes,€165 / 57 washes / 2% donated / carbon neutral,Yes,€165 / 32 washes / no donations / carbon neutral,Yes,€100 / 57 washes / 2% donated / 37 ktons,Yes,€35 / 57 washes / 4.75% donated / carbon neutral,Yes,Somewhat disagree,€165 / 32 washes / 2% donated / 37 ktons,No,€100 / 57 washes / no donations / 72.6 ktons,No,€100 / 57 washes / 4.75% donated / 72.6 ktons,No,€35 / 57 washes / no donations / 72.6 ktons,Yes,€35 / 57 washes / no donations / carbon neutral,Yes,18 - 24,Yes,Average
2023-05-24 15:15:36,2023-05-24 15:20:07,IP Address,80.201.238.51,100,270,True,2023-05-24 15:20:08,R_3mmKF6iso7MLs2j,,,,,50.9059,3.6553,anonymous,EN,1,€100 / 7 washes / 2% donated / carbon neutral,Yes,€35 / 32 washes / no donations / 37 ktons,Yes,€165 / 32 washes / no donations / carbon neutral,No,€100 / 57 washes / 2% donated / 37 ktons,Yes,€35 / 57 washes / 4.75% donated / carbon neutral,Yes,Somewhat agree,€100 / 7 washes / no donations / carbon neutral,No,€35 / 32 washes / 2% donated / carbon neutral,Yes,€35 / 7 washes / no donations / carbon neutral,Yes,€100 / 32 washes / 4.57% donated / carbon neutral,Yes,€35 / 57 washes / no donations / carbon neutral,Yes,18 - 24,No,Somewhat above average
2023-05-24 15:19:50,2023-05-24 15:22:59,IP Address,37.183.42.189,100,189,True,2023-05-24 15:23:00,R_3oFLIx6pbBSJ2v1,,,,,46.01,11.3075,anonymous,EN,0.8999999761581421,€165 / 57 washes / no donations / 37 ktons,Yes,€165 / 57 washes / 2% donated / carbon neutral,Yes,€165 / 32 washes / no donations / carbon neutral,Yes,€100 / 57 washes / 2% donated / 37 ktons,Yes,€35 / 57 washes / 4.75% donated / carbon neutral,Yes,Somewhat agree,€165 / 32 washes / 2% donated / 37 ktons,Yes,€35 / 32 washes / 2% donated / carbon neutral,Yes,€100 / 57 washes / 4.75% donated / 72.6 ktons,Yes,€100 / 32 washes / 4.57% donated / carbon neutral,Yes,€35 / 57 washes / no donations / carbon neutral,Yes,25 - 34,No,Somewhat above average
2023-05-24 15:23:56,2023-05-24 15:30:39,IP Address,193.190.88.231,100,403,True,2023-05-24 15:30:41,R_sjsbKCb81fNPVAd,,,,,51.2192,4.3917,anonymous,EN,1,€100 / 7 washes / 2% donated / carbon neutral,No,€165 / 57 washes / 2% donated / carbon neutral,No,€100 / 57 washes / 2% donated / 72.6 ktons,No,€100 / 57 washes / 2% donated / 37 ktons,No,€35 / 57 washes / 4.75% donated / carbon neutral,Yes,Somewhat agree,€165 / 32 washes / 2% donated / 37 ktons,No,€35 / 32 washes / 2% donated / carbon neutral,Yes,€35 / 7 washes / no donations / carbon neutral,Yes,€100 / 32 washes / 4.57% donated / carbon neutral,Yes,€35 / 57 washes / no donations / carbon neutral,Yes,18 - 24,No,Somewhat below average
2023-05-24 10:30:53,2023-05-24 15:38:08,IP Address,37.161.231.235,100,18434,True,2023-05-24 15:38:09,R_b7pSV8VPpdpjQU9,,,,,43.1479,12.1097,anonymous,EN,0.8999999761581421,€100 / 7 washes / 2% donated / carbon neutral,No,€100 / 7 washes / no donations / 72.6 ktons,No,€35 / 7 washes / 4.75% donated / 37 ktons,Yes,€35 / 32 washes / no donations / 72.6 ktons,Yes,€35 / 57 washes / 4.75% donated / carbon neutral,Yes,Somewhat agree,€165 / 32 washes / 2% donated / 37 ktons,No,€35 / 32 washes / 2% donated / carbon neutral,Yes,€35 / 7 washes / no donations / carbon neutral,Yes,€35 / 7 washes / 2% donated / 37 ktons,No,€35 / 57 washes / no donations / carbon neutral,Yes,18 - 24,No,Somewhat above average
2023-05-24 15:48:46,2023-05-24 15:53:30,IP Address,89.99.2.99,100,283,True,2023-05-24 15:53:32,R_2VDOvags3NpqjSN,,,,,51.9298,4.4562,anonymous,EN,0.8999999761581421,€100 / 7 washes / 2% donated / carbon neutral,Yes,€100 / 7 washes / no donations / 72.6 ktons,Yes,€100 / 57 washes / 2% donated / 72.6 ktons,Yes,€100 / 57 washes / 2% donated / 37 ktons,No,€100 / 32 washes / 4.75% donated / 37 ktons,Yes,Somewhat agree,€100 / 7 washes / no donations / carbon neutral,Yes,€100 / 57 washes / no donations / 72.6 ktons,No,€100 / 57 washes / 4.75% donated / 72.6 ktons,No,€100 / 32 washes / 4.57% donated / carbon neutral,Yes,€100 / 7 washes / 2% donated / 37 ktons,No,18 - 24,Yes,Somewhat below average
2023-05-24 15:56:39,2023-05-24 16:00:00,IP Address,81.30.78.21,100,200,True,2023-05-24 16:00:00,R_riMsTq1hTlaR4Zj,,,,,52.6666,6.4964,anonymous,EN,0.8999999761581421,€165 / 57 washes / no donations / 37 ktons,No,€35 / 32 washes / no donations / 37 ktons,Yes,€100 / 57 washes / 2% donated / 72.6 ktons,Yes,€35 / 32 washes / no donations / 72.6 ktons,Yes,€35 / 57 washes / 4.75% donated / carbon neutral,Yes,Somewhat disagree,€165 / 32 washes / 2% donated / 37 ktons,No,€35 / 32 washes / 2% donated / carbon neutral,Yes,€35 / 32 washes / 2% donated / 72.6 ktons,Yes,€35 / 57 washes / no donations / 72.6 ktons,Yes,€35 / 57 washes / no donations / carbon neutral,Yes,18 - 24,Yes,Far below average
2023-05-24 16:04:15,2023-05-24 16:08:29,IP Address,188.251.214.43,100,254,True,2023-05-24 16:08:31,R_WeBH5gZOM7qyjTP,,,,,41.1691,-8.6793,anonymous,EN,1,€35 / 7 washes / 4.75% donated / 72.6 ktons,Yes,€35 / 32 washes / no donations / 37 ktons,Yes,€35 / 7 washes / 4.75% donated / 37 ktons,Yes,€35 / 32 washes / no donations / 72.6 ktons,Yes,€35 / 57 washes / 4.75% donated / carbon neutral,Yes,Somewhat disagree,€35 / 7 washes / 4.75% donated / 72.6 ktons,Yes,€35 / 32 washes / 2% donated / carbon neutral,No,€35 / 32 washes / 2% donated / 72.6 ktons,Yes,€35 / 57 washes / no donations / 72.6 ktons,Yes,€35 / 57 washes / no donations / carbon neutral,Yes,18 - 24,No,Somewhat above average
2023-05-24 16:06:30,2023-05-24 16:09:08,IP Address,62.194.13.187,100,157,True,2023-05-24 16:09:10,R_1HiCNtM86nsQIos,,,,,51.9844,4.1352,anonymous,EN,1,€100 / 7 washes / 2% donated / carbon neutral,No,€35 / 32 washes / no donations / 37 ktons,Yes,€35 / 7 washes / 4.75% donated / 37 ktons,Yes,€100 / 57 washes / 2% donated / 37 ktons,Yes,€35 / 57 washes / 4.75% donated / carbon neutral,Yes,Somewhat agree,€100 / 7 washes / no donations / carbon neutral,Yes,€35 / 32 washes / 2% donated / carbon neutral,Yes,€35 / 7 washes / no donations / carbon neutral,Yes,€35 / 7 washes / 2% donated / 37 ktons,Yes,€35 / 57 washes / no donations / carbon neutral,Yes,18 - 24,Yes,Somewhat above average
2023-05-24 16:05:55,2023-05-24 16:09:35,IP Address,195.62.90.249,100,219,True,2023-05-24 16:09:36,R_6RL5QS8m7p30iqt,,,,,51.047,3.7206,anonymous,EN,0.8999999761581421,€165 / 57 washes / no donations / 37 ktons,No,€35 / 32 washes / no donations / 37 ktons,Yes,€100 / 57 washes / 2% donated / 72.6 ktons,No,€100 / 57 washes / 2% donated / 37 ktons,Yes,€35 / 57 washes / 4.75% donated / carbon neutral,Yes,Somewhat agree,€165 / 32 washes / 2% donated / 37 ktons,No,€35 / 32 washes / 2% donated / carbon neutral,Yes,€100 / 57 washes / 4.75% donated / 72.6 ktons,Yes,€35 / 57 washes / no donations / 72.6 ktons,Yes,€35 / 57 washes / no donations / carbon neutral,Yes,18 - 24,No,Somewhat below average
2023-05-24 16:11:33,2023-05-24 16:14:40,IP Address,85.139.81.14,100,187,True,2023-05-24 16:14:41,R_2TtKbPqqOjdkKY6,,,,,38.6959,-9.4174,anonymous,EN,0.8999999761581421,€100 / 7 washes / 2% donated / carbon neutral,No,€35 / 32 washes / no donations / 37 ktons,Yes,€35 / 7 washes / 4.75% donated / 37 ktons,Yes,€100 / 57 washes / 2% donated / 37 ktons,No,€35 / 57 washes / 4.75% donated / carbon neutral,Yes,Somewhat agree,€100 / 7 washes / no donations / carbon neutral,Yes,€35 / 32 washes / 2% donated / carbon neutral,Yes,€35 / 7 washes / no donations / carbon neutral,Yes,€100 / 32 washes / 4.57% donated / carbon neutral,Yes,€35 / 57 washes / no donations / carbon neutral,Yes,18 - 24,No,Somewhat below average
2023-05-24 16:14:13,2023-05-24 16:16:30,IP Address,94.60.234.65,100,136,True,2023-05-24 16:16:30,R_2Sdjjw3woizsprk,,,,,41.1691,-8.6793,anonymous,EN,1,€35 / 7 washes / 4.75% donated / 72.6 ktons,Yes,€35 / 32 washes / no donations / 37 ktons,Yes,€100 / 57 washes / 2% donated / 72.6 ktons,Yes,€35 / 32 washes / no donations / 72.6 ktons,Yes,€35 / 57 washes / 4.75% donated / carbon neutral,Yes,Somewhat agree,€35 / 7 washes / 4.75% donated / 72.6 ktons,Yes,€35 / 32 washes / 2% donated / carbon neutral,Yes,€35 / 32 washes / 2% donated / 72.6 ktons,Yes,€35 / 57 washes / no donations / 72.6 ktons,Yes,€35 / 57 washes / no donations / carbon neutral,Yes,18 - 24,No,Somewhat below average
2023-05-24 16:45:12,2023-05-24 16:51:50,IP Address,188.251.214.43,100,397,True,2023-05-24 16:51:52,R_0cux4uui5IqwIqB,,,,,41.1691,-8.6793,anonymous,EN,1,€165 / 57 washes / no donations / 37 ktons,No,€165 / 57 washes / 2% donated / carbon neutral,No,€100 / 57 washes / 2% donated / 72.6 ktons,No,€100 / 57 washes / 2% donated / 37 ktons,No,€35 / 57 washes / 4.75% donated / carbon neutral,Yes,Somewhat agree,€165 / 32 washes / 2% donated / 37 ktons,No,€35 / 32 washes / 2% donated / carbon neutral,Yes,€35 / 32 washes / 2% donated / 72.6 ktons,Yes,€100 / 32 washes / 4.57% donated / carbon neutral,Yes,€35 / 57 washes / no donations / carbon neutral,Yes,18 - 24,No,Average
2023-05-24 16:53:18,2023-05-24 16:56:38,IP Address,145.5.180.12,100,200,True,2023-05-24 16:56:38,R_2SdZoDXliKTb8Z6,,,,,51.9156,4.5146,anonymous,EN,1,€165 / 57 washes / no donations / 37 ktons,No,€35 / 32 washes / no donations / 37 ktons,Yes,€100 / 57 washes / 2% donated / 72.6 ktons,Yes,€100 / 57 washes / 2% donated / 37 ktons,Yes,€35 / 57 washes / 4.75% donated / carbon neutral,Yes,Somewhat agree,€165 / 32 washes / 2% donated / 37 ktons,No,€35 / 32 washes / 2% donated / carbon neutral,Yes,€100 / 57 washes / 4.75% donated / 72.6 ktons,Yes,€35 / 57 washes / no donations / 72.6 ktons,Yes,€35 / 57 washes / no donations / carbon neutral,Yes,18 - 24,Yes,Average
2023-05-24 17:13:39,2023-05-24 17:18:01,IP Address,46.6.145.11,100,262,True,2023-05-24 17:18:03,R_SMFS6umcQAr1Mrf,,,,,36.7261,-4.426,anonymous,EN,0.8999999761581421,€100 / 7 washes / 2% donated / carbon neutral,Yes,€165 / 57 washes / 2% donated / carbon neutral,No,€100 / 57 washes / 2% donated / 72.6 ktons,Yes,€35 / 32 washes / no donations / 72.6 ktons,Yes,€35 / 57 washes / 4.75% donated / carbon neutral,Yes,Somewhat agree,€35 / 7 washes / 4.75% donated / 72.6 ktons,Yes,€35 / 32 washes / 2% donated / carbon neutral,Yes,€35 / 7 washes / no donations / carbon neutral,Yes,€100 / 32 washes / 4.57% donated / carbon neutral,Yes,€35 / 57 washes / no donations / carbon neutral,Yes,25 - 34,Yes,Far above average
2023-05-24 17:33:42,2023-05-24 17:42:59,IP Address,70.72.196.119,100,556,True,2023-05-24 17:42:59,R_3QErCLQHFZVFg7Y,,,,,51.0605,-114.1102,anonymous,EN,0.8999999761581421,€100 / 7 washes / 2% donated / carbon neutral,Yes,€165 / 57 washes / 2% donated / carbon neutral,Yes,€35 / 7 washes / 4.75% donated / 37 ktons,Yes,€100 / 57 washes / 2% donated / 37 ktons,Yes,€35 / 57 washes / 4.75% donated / carbon neutral,Yes,Somewhat agree,€35 / 7 washes / 4.75% donated / 72.6 ktons,No,€35 / 32 washes / 2% donated / carbon neutral,Yes,€35 / 32 washes / 2% donated / 72.6 ktons,Yes,€100 / 32 washes / 4.57% donated / carbon neutral,Yes,€35 / 57 washes / no donations / carbon neutral,Yes,25 - 34,Yes,Somewhat above average
2023-05-24 18:36:44,2023-05-24 18:46:31,IP Address,109.130.172.13,100,586,True,2023-05-24 18:46:33,R_3G70o577RfAOaSJ,,,,,50.8534,4.347,anonymous,EN,1,€165 / 57 washes / no donations / 37 ktons,Yes,€35 / 32 washes / no donations / 37 ktons,No,€100 / 57 washes / 2% donated / 72.6 ktons,No,€100 / 57 washes / 2% donated / 37 ktons,Yes,€35 / 57 washes / 4.75% donated / carbon neutral,Yes,Somewhat agree,€165 / 32 washes / 2% donated / 37 ktons,No,€100 / 57 washes / no donations / 72.6 ktons,Yes,€100 / 57 washes / 4.75% donated / 72.6 ktons,Yes,€35 / 57 washes / no donations / 72.6 ktons,Yes,€35 / 57 washes / no donations / carbon neutral,Yes,25 - 34,Yes,Average
2023-05-24 18:40:22,2023-05-24 18:46:46,IP Address,77.63.27.90,100,384,True,2023-05-24 18:46:49,R_1OuvSNEMfRa65Kp,,,,,51.9056,4.4816,anonymous,EN,0.8999999761581421,€165 / 57 washes / no donations / 37 ktons,Yes,€165 / 57 washes / 2% donated / carbon neutral,Yes,€100 / 57 washes / 2% donated / 72.6 ktons,No,€100 / 57 washes / 2% donated / 37 ktons,Yes,€35 / 57 washes / 4.75% donated / carbon neutral,Yes,Somewhat agree,€35 / 7 washes / 4.75% donated / 72.6 ktons,No,€100 / 57 washes / no donations / 72.6 ktons,Yes,€100 / 57 washes / 4.75% donated / 72.6 ktons,Yes,€35 / 57 washes / no donations / 72.6 ktons,Yes,€35 / 57 washes / no donations / carbon neutral,Yes,18 - 24,Yes,Average
2023-05-24 19:45:14,2023-05-24 19:50:53,IP Address,109.139.2.156,100,339,True,2023-05-24 19:50:54,R_2gzqo94DjaEqUox,,,,,50.8534,4.347,anonymous,EN,1,€165 / 57 washes / no donations / 37 ktons,No,€35 / 32 washes / no donations / 37 ktons,Yes,€100 / 57 washes / 2% donated / 72.6 ktons,No,€35 / 32 washes / no donations / 72.6 ktons,Yes,€35 / 57 washes / 4.75% donated / carbon neutral,Yes,Somewhat agree,€35 / 7 washes / 4.75% donated / 72.6 ktons,No,€35 / 32 washes / 2% donated / carbon neutral,Yes,€35 / 32 washes / 2% donated / 72.6 ktons,Yes,€35 / 57 washes / no donations / 72.6 ktons,Yes,€35 / 57 washes / no donations / carbon neutral,Yes,25 - 34,Yes,Somewhat below average
2023-05-24 21:50:41,2023-05-24 21:58:42,IP Address,109.128.16.136,100,480,True,2023-05-24 21:58:42,R_eJOrgsWI3h1ffNL,,,,,50.6079,3.3916,anonymous,EN,0.8999999761581421,€165 / 57 washes / no donations / 37 ktons,Yes,€35 / 32 washes / no donations / 37 ktons,Yes,€100 / 57 washes / 2% donated / 72.6 ktons,Yes,€35 / 32 washes / no donations / 72.6 ktons,Yes,€35 / 57 washes / 4.75% donated / carbon neutral,Yes,Somewhat agree,€165 / 32 washes / 2% donated / 37 ktons,No,€35 / 32 washes / 2% donated / carbon neutral,Yes,€35 / 32 washes / 2% donated / 72.6 ktons,Yes,€35 / 57 washes / no donations / 72.6 ktons,Yes,€35 / 57 washes / no donations / carbon neutral,Yes,18 - 24,Yes,Average
2023-05-25 01:12:11,2023-05-25 01:15:05,IP Address,111.239.177.27,100,173,True,2023-05-25 01:15:06,R_1OP825SbO8eo3qm,,,,,35.7038,139.7377,anonymous,EN,0.8999999761581421,€100 / 7 washes / 2% donated / carbon neutral,Yes,€35 / 32 washes / no donations / 37 ktons,Yes,€100 / 57 washes / 2% donated / 72.6 ktons,No,€100 / 57 washes / 2% donated / 37 ktons,Yes,€35 / 57 washes / 4.75% donated / carbon neutral,Yes,Somewhat agree,€165 / 32 washes / 2% donated / 37 ktons,Yes,€100 / 57 washes / no donations / 72.6 ktons,Yes,€100 / 57 washes / 4.75% donated / 72.6 ktons,Yes,€35 / 57 washes / no donations / 72.6 ktons,Yes,€35 / 57 washes / no donations / carbon neutral,Yes,25 - 34,Yes,Somewhat below average
2023-05-25 07:03:17,2023-05-25 07:07:46,IP Address,94.224.148.54,100,268,True,2023-05-25 07:07:47,R_215l9GPeA9UjxEe,,,,,50.8267,4.5224,anonymous,EN,0.8999999761581421,€35 / 7 washes / 4.75% donated / 72.6 ktons,No,€100 / 7 washes / no donations / 72.6 ktons,No,€100 / 57 washes / 2% donated / 72.6 ktons,Yes,€100 / 57 washes / 2% donated / 37 ktons,No,€35 / 57 washes / 4.75% donated / carbon neutral,No,Strongly agree,€100 / 7 washes / no donations / carbon neutral,No,€100 / 57 washes / no donations / 72.6 ktons,No,€100 / 57 washes / 4.75% donated / 72.6 ktons,No,€100 / 32 washes / 4.57% donated / carbon neutral,No,€100 / 7 washes / 2% donated / 37 ktons,No,25 - 34,Yes,Average
2023-05-25 08:08:04,2023-05-25 08:17:38,IP Address,109.142.66.235,100,573,True,2023-05-25 08:17:38,R_2t6j9plf2peysDS,,,,,50.8344,4.368,anonymous,EN,0.8999999761581421,€100 / 7 washes / 2% donated / carbon neutral,No,€165 / 57 washes / 2% donated / carbon neutral,No,€35 / 7 washes / 4.75% donated / 37 ktons,Yes,€100 / 57 washes / 2% donated / 37 ktons,Yes,€35 / 57 washes / 4.75% donated / carbon neutral,Yes,Somewhat agree,€100 / 7 washes / no donations / carbon neutral,No,€35 / 32 washes / 2% donated / carbon neutral,Yes,€35 / 7 washes / no donations / carbon neutral,Yes,€100 / 32 washes / 4.57% donated / carbon neutral,No,€35 / 57 washes / no donations / carbon neutral,Yes,25 - 34,Yes,Somewhat below average
2023-05-25 08:42:01,2023-05-25 08:45:47,IP Address,81.243.215.218,100,225,True,2023-05-25 08:45:48,R_suIGk1PUMI2ZTVv,,,,,50.8534,4.347,anonymous,EN,1,€100 / 7 washes / 2% donated / carbon neutral,No,€35 / 32 washes / no donations / 37 ktons,Yes,€165 / 32 washes / no donations / carbon neutral,No,€100 / 57 washes / 2% donated / 37 ktons,No,€100 / 32 washes / 4.75% donated / 37 ktons,Yes,Somewhat agree,€100 / 7 washes / no donations / carbon neutral,Yes,€165 / 7 washes / 4.57% donated / 72.6 ktons,No,€100 / 57 washes / 4.75% donated / 72.6 ktons,No,€35 / 57 washes / no donations / 72.6 ktons,No,€35 / 57 washes / no donations / carbon neutral,No,25 - 34,Yes,Average
2023-05-25 11:26:06,2023-05-25 11:31:08,IP Address,31.4.182.15,100,301,True,2023-05-25 11:31:08,R_2pVHjDEAsxUQCtn,,,,,40.4163,-3.6934,anonymous,EN,0.8999999761581421,€35 / 7 washes / 4.75% donated / 72.6 ktons,Yes,€35 / 32 washes / no donations / 37 ktons,Yes,€35 / 7 washes / 4.75% donated / 37 ktons,Yes,€35 / 32 washes / no donations / 72.6 ktons,Yes,€35 / 57 washes / 4.75% donated / carbon neutral,Yes,Somewhat agree,€35 / 7 washes / 4.75% donated / 72.6 ktons,Yes,€35 / 32 washes / 2% donated / carbon neutral,Yes,€35 / 32 washes / 2% donated / 72.6 ktons,Yes,€35 / 57 washes / no donations / 72.6 ktons,Yes,€35 / 57 washes / no donations / carbon neutral,Yes,35 - 44,Yes,Far below average
2023-05-25 12:00:37,2023-05-25 12:11:09,IP Address,77.250.163.12,100,631,True,2023-05-25 12:11:11,R_2xVjDcddbTIDhdH,,,,,51.9179,4.4901,anonymous,EN,1,€165 / 57 washes / no donations / 37 ktons,Yes,€165 / 57 washes / 2% donated / carbon neutral,Yes,€100 / 57 washes / 2% donated / 72.6 ktons,Yes,€100 / 57 washes / 2% donated / 37 ktons,Yes,€35 / 57 washes / 4.75% donated / carbon neutral,Yes,Somewhat agree,€35 / 7 washes / 4.75% donated / 72.6 ktons,Yes,€35 / 32 washes / 2% donated / carbon neutral,Yes,€100 / 57 washes / 4.75% donated / 72.6 ktons,Yes,€35 / 57 washes / no donations / 72.6 ktons,Yes,€35 / 57 washes / no donations / carbon neutral,Yes,18 - 24,Yes,Average
2023-05-25 12:09:11,2023-05-25 12:12:20,IP Address,46.188.128.162,100,188,True,2023-05-25 12:12:21,R_238LcvT3GxWFhY6,,,,,45.8293,15.9793,anonymous,EN,0.800000011920929,€100 / 7 washes / 2% donated / carbon neutral,No,€165 / 57 washes / 2% donated / carbon neutral,Yes,€165 / 32 washes / no donations / carbon neutral,Yes,€165 / 7 washes / 4.75% donated / carbon neutral,No,€35 / 57 washes / 4.75% donated / carbon neutral,Yes,Somewhat agree,€100 / 7 washes / no donations / carbon neutral,Yes,€35 / 32 washes / 2% donated / carbon neutral,Yes,€35 / 7 washes / no donations / carbon neutral,Yes,€100 / 32 washes / 4.57% donated / carbon neutral,Yes,€35 / 57 washes / no donations / carbon neutral,Yes,18 - 24,Yes,Somewhat above average
2023-05-25 12:54:20,2023-05-25 12:59:17,IP Address,89.152.80.195,100,297,True,2023-05-25 12:59:19,R_emovERuiZ5cufwl,,,,,41.1765,-8.6877,anonymous,EN,0.8999999761581421,€35 / 7 washes / 4.75% donated / 72.6 ktons,Yes,€35 / 32 washes / no donations / 37 ktons,No,€35 / 7 washes / 4.75% donated / 37 ktons,No,€35 / 32 washes / no donations / 72.6 ktons,Yes,€35 / 57 washes / 4.75% donated / carbon neutral,Yes,Somewhat agree,€165 / 32 washes / 2% donated / 37 ktons,No,€35 / 32 washes / 2% donated / carbon neutral,Yes,€35 / 32 washes / 2% donated / 72.6 ktons,Yes,€35 / 57 washes / no donations / 72.6 ktons,Yes,€35 / 57 washes / no donations / carbon neutral,Yes,35 - 44,Yes,Somewhat below average
2023-05-23 18:18:50,2023-05-23 18:23:06,IP Address,78.56.151.214,79,255,False,2023-05-26 17:57:15,R_2aG3tqcJcbPMf1a,,,,,,,anonymous,EN,0.8999999761581421,€165 / 57 washes / no donations / 37 ktons,No,€35 / 32 washes / no donations / 37 ktons,Yes,€100 / 57 washes / 2% donated / 72.6 ktons,No,€35 / 32 washes / no donations / 72.6 ktons,Yes,€35 / 57 washes / 4.75% donated / carbon neutral,Yes,Somewhat agree,€165 / 32 washes / 2% donated / 37 ktons,No,€35 / 32 washes / 2% donated / carbon neutral,Yes,€35 / 32 washes / 2% donated / 72.6 ktons,Yes,€35 / 57 washes / no donations / 72.6 ktons,Yes,,,,,
2023-05-23 18:45:05,2023-05-23 18:47:36,IP Address,89.153.100.75,8,151,False,2023-05-26 17:57:15,R_eyYV9t5ELW14t6F,,,,,,,anonymous,EN,1,€35 / 7 washes / 4.75% donated / 72.6 ktons,No,,,,,,,,,,,,,,,,,,,,,,
2023-05-23 19:21:43,2023-05-23 19:31:35,IP Address,145.94.233.174,8,591,False,2023-05-26 17:57:15,R_3pu6zaJAh3besKk,,,,,,,anonymous,EN,0.8999999761581421,€35 / 7 washes / 4.75% donated / 72.6 ktons,No,,,,,,,,,,,,,,,,,,,,,,
2023-05-23 19:56:00,2023-05-23 19:57:08,IP Address,95.74.84.41,17,68,False,2023-05-26 17:57:15,R_3RqPSWfGoA416Th,,,,,,,anonymous,EN,1,€100 / 7 washes / 2% donated / carbon neutral,Yes,€35 / 32 washes / no donations / 37 ktons,Yes,,,,,,,,,,,,,,,,,,,,
2023-05-23 18:23:36,2023-05-23 18:25:04,IP Address,149.62.208.181,17,88,False,2023-05-26 17:57:15,R_2AMzWZTxDXjuA13,,,,,,,anonymous,EN,0.8999999761581421,€100 / 7 washes / 2% donated / carbon neutral,Yes,€165 / 57 washes / 2% donated / carbon neutral,No,,,,,,,,,,,,,,,,,,,,
2023-05-23 21:20:23,2023-05-23 21:21:09,IP Address,212.115.133.210,17,45,False,2023-05-26 17:57:15,R_27lpP0P1PaSC0Xc,,,,,,,anonymous,EN,1,€35 / 7 washes / 4.75% donated / 72.6 ktons,Yes,€35 / 32 washes / no donations / 37 ktons,No,,,,,,,,,,,,,,,,,,,,
2023-05-23 20:52:05,2023-05-23 20:52:51,IP Address,46.50.0.81,8,45,False,2023-05-26 17:57:15,R_1ClmevADhWBfU83,,,,,,,anonymous,EN,0.8999999761581421,€35 / 7 washes / 4.75% donated / 72.6 ktons,Yes,,,,,,,,,,,,,,,,,,,,,,
2023-05-24 07:15:02,2023-05-24 07:16:33,IP Address,46.178.134.166,33,90,False,2023-05-26 17:57:15,R_21jNdsu3jTIbEOP,,,,,,,anonymous,EN,1,€100 / 7 washes / 2% donated / carbon neutral,No,€35 / 32 washes / no donations / 37 ktons,Yes,€100 / 57 washes / 2% donated / 72.6 ktons,Yes,€100 / 57 washes / 2% donated / 37 ktons,Yes,,,,,,,,,,,,,,,,
2023-05-24 14:41:11,2023-05-24 14:42:26,IP Address,130.104.174.65,17,75,False,2023-05-26 17:57:15,R_2dYiambAkbwrHEM,,,,,,,anonymous,EN,0.8999999761581421,€100 / 7 washes / 2% donated / carbon neutral,Yes,€35 / 32 washes / no donations / 37 ktons,Yes,,,,,,,,,,,,,,,,,,,,
2023-05-24 10:17:18,2023-05-24 10:20:20,IP Address,109.143.178.195,79,182,False,2023-05-26 17:57:15,R_3gTxPRzXfIqjBeo,,,,,,,anonymous,EN,0.8999999761581421,€165 / 57 washes / no donations / 37 ktons,No,€35 / 32 washes / no donations / 37 ktons,Yes,€100 / 57 washes / 2% donated / 72.6 ktons,No,€100 / 57 washes / 2% donated / 37 ktons,Yes,€35 / 57 washes / 4.75% donated / carbon neutral,Yes,Somewhat agree,€165 / 32 washes / 2% donated / 37 ktons,No,€100 / 57 washes / no donations / 72.6 ktons,Yes,€100 / 57 washes / 4.75% donated / 72.6 ktons,Yes,€35 / 57 washes / no donations / 72.6 ktons,Yes,,,,,
2023-05-24 16:12:59,2023-05-24 16:52:53,IP Address,188.251.214.43,8,2394,False,2023-05-26 17:57:17,R_UAcuQtymcgv92wh,,,,,,,anonymous,EN,1,€35 / 7 washes / 4.75% donated / 72.6 ktons,No,,,,,,,,,,,,,,,,,,,,,,
2023-05-23 18:02:50,2023-05-23 19:06:54,IP Address,80.112.145.83,33,3843,False,2023-05-26 17:57:19,R_27EwlTc0xv2uoUL,,,,,,,anonymous,EN,1,€100 / 7 washes / 2% donated / carbon neutral,No,€35 / 32 washes / no donations / 37 ktons,No,€35 / 7 washes / 4.75% donated / 37 ktons,Yes,€35 / 32 washes / no donations / 72.6 ktons,No,,,,,,,,,,,,,,,,
2023-05-23 18:07:41,2023-05-23 18:09:00,IP Address,91.154.77.164,33,78,False,2023-05-26 17:57:19,R_3FRqznnXyWyapT6,,,,,,,anonymous,EN,0.8999999761581421,€100 / 7 washes / 2% donated / carbon neutral,Yes,€165 / 57 washes / 2% donated / carbon neutral,No,€100 / 57 washes / 2% donated / 72.6 ktons,Yes,€100 / 57 washes / 2% donated / 37 ktons,Yes,,,,,,,,,,,,,,,,
2023-05-23 18:35:24,2023-05-23 18:37:46,IP Address,84.241.207.51,25,141,False,2023-05-26 17:57:19,R_x5DabDgNx4T9MhX,,,,,,,anonymous,EN,0.8999999761581421,€165 / 57 washes / no donations / 37 ktons,Yes,€165 / 57 washes / 2% donated / carbon neutral,No,€100 / 57 washes / 2% donated / 72.6 ktons,Yes,,,,,,,,,,,,,,,,,,
2023-05-23 18:58:08,2023-05-23 18:58:58,IP Address,85.28.99.5,25,50,False,2023-05-26 17:57:19,R_12flmGeWpZzqD0b,,,,,,,anonymous,EN,0.8999999761581421,€35 / 7 washes / 4.75% donated / 72.6 ktons,Yes,€165 / 57 washes / 2% donated / carbon neutral,No,€165 / 32 washes / no donations / carbon neutral,No,,,,,,,,,,,,,,,,,,
2023-05-23 20:50:46,2023-05-23 20:52:31,IP Address,81.164.124.166,25,104,False,2023-05-26 17:57:19,R_2ZP6cammI0rDx4L,,,,,,,anonymous,EN,0.8999999761581421,€165 / 57 washes / no donations / 37 ktons,No,€35 / 32 washes / no donations / 37 ktons,Yes,€165 / 32 washes / no donations / carbon neutral,No,,,,,,,,,,,,,,,,,,
2023-05-24 00:05:25,2023-05-24 00:06:15,IP Address,31.4.142.21,8,49,False,2023-05-26 17:57:19,R_3EfCb5XESN4Sy7y,,,,,,,anonymous,EN,0.8999999761581421,€35 / 7 washes / 4.75% donated / 72.6 ktons,Yes,,,,,,,,,,,,,,,,,,,,,,
2023-05-23 21:03:42,2023-05-23 21:08:20,IP Address,81.164.27.37,25,277,False,2023-05-26 17:57:19,R_2yl5uzYZ35NKJ5q,,,,,,,anonymous,EN,0.8999999761581421,€35 / 7 washes / 4.75% donated / 72.6 ktons,Yes,€35 / 32 washes / no donations / 37 ktons,Yes,€35 / 7 washes / 4.75% donated / 37 ktons,Yes,,,,,,,,,,,,,,,,,,
2023-05-24 11:32:18,2023-05-24 11:33:18,IP Address,156.83.1.167,8,59,False,2023-05-26 17:57:20,R_3iEmeSdiEnjBfdc,,,,,,,anonymous,EN,0.8999999761581421,€35 / 7 washes / 4.75% donated / 72.6 ktons,No,,,,,,,,,,,,,,,,,,,,,,
2023-05-24 13:38:20,2023-05-24 13:39:17,IP Address,178.84.12.238,8,56,False,2023-05-26 17:57:20,R_3ejHPzb0nQ8DuDf,,,,,,,anonymous,EN,0.800000011920929,€165 / 57 washes / no donations / 37 ktons,No,,,,,,,,,,,,,,,,,,,,,,
2023-05-25 11:19:10,2023-05-25 11:20:14,IP Address,213.124.111.178,25,64,False,2023-05-26 17:57:20,R_3R9Rd82FElbarwl,,,,,,,anonymous,EN,1,€100 / 7 washes / 2% donated / carbon neutral,No,€165 / 57 washes / 2% donated / carbon neutral,Yes,€35 / 7 washes / 4.75% donated / 37 ktons,Yes,,,,,,,,,,,,,,,,,,
2023-05-28 16:34:02,2023-05-28 16:36:18,IP Address,188.25.189.215,100,136,True,2023-05-28 16:36:20,R_2WOMYSsbTp3EX8T,,,,,44.405,26.0718,anonymous,EN,1,€35 / 7 washes / 4.75% donated / 72.6 ktons,Yes,€35 / 32 washes / no donations / 37 ktons,Yes,€100 / 57 washes / 2% donated / 72.6 ktons,Yes,€100 / 57 washes / 2% donated / 37 ktons,Yes,€35 / 57 washes / 4.75% donated / carbon neutral,Yes,Somewhat agree,€165 / 32 washes / 2% donated / 37 ktons,No,€35 / 32 washes / 2% donated / carbon neutral,Yes,€35 / 32 washes / 2% donated / 72.6 ktons,Yes,€35 / 57 washes / no donations / 72.6 ktons,Yes,€35 / 57 washes / no donations / carbon neutral,Yes,18 - 24,No,Average
2023-05-28 17:40:13,2023-05-28 17:43:34,IP Address,46.97.176.33,100,201,True,2023-05-28 17:43:35,R_1GNytvlKbB4sAmp,,,,,44.9467,26.0135,anonymous,EN,1,€100 / 7 washes / 2% donated / carbon neutral,No,€165 / 57 washes / 2% donated / carbon neutral,Yes,€165 / 32 washes / no donations / carbon neutral,No,€100 / 57 washes / 2% donated / 37 ktons,Yes,€100 / 32 washes / 4.75% donated / 37 ktons,Yes,Somewhat agree,€165 / 32 washes / 2% donated / 37 ktons,No,€35 / 32 washes / 2% donated / carbon neutral,Yes,€100 / 57 washes / 4.75% donated / 72.6 ktons,No,€100 / 32 washes / 4.57% donated / carbon neutral,Yes,€35 / 57 washes / no donations / carbon neutral,Yes,18 - 24,No,Somewhat above average
2023-05-29 17:21:04,2023-05-29 17:23:00,IP Address,94.132.114.29,100,116,True,2023-05-29 17:23:01,R_231wjdZUpNHbMlP,,,,,41.1691,-8.6793,anonymous,EN,1,€35 / 7 washes / 4.75% donated / 72.6 ktons,No,€35 / 32 washes / no donations / 37 ktons,No,€35 / 7 washes / 4.75% donated / 37 ktons,No,€35 / 32 washes / no donations / 72.6 ktons,No,€35 / 57 washes / 4.75% donated / carbon neutral,No,Strongly disagree,€35 / 7 washes / 4.75% donated / 72.6 ktons,No,€35 / 32 washes / 2% donated / carbon neutral,No,€35 / 32 washes / 2% donated / 72.6 ktons,No,€35 / 7 washes / 2% donated / 37 ktons,No,€35 / 57 washes / no donations / carbon neutral,No,18 - 24,No,Average
2023-05-29 21:20:39,2023-05-29 21:22:38,IP Address,81.196.29.121,100,119,True,2023-05-29 21:22:40,R_3dGInwF5SrM7RSt,,,,,44.4626,25.969,anonymous,EN,0.8999999761581421,€35 / 7 washes / 4.75% donated / 72.6 ktons,Yes,€100 / 7 washes / no donations / 72.6 ktons,,€165 / 32 washes / no donations / carbon neutral,,€35 / 32 washes / no donations / 72.6 ktons,Yes,€35 / 57 washes / 4.75% donated / carbon neutral,Yes,Neither agree nor disagree,€100 / 7 washes / no donations / carbon neutral,,€100 / 57 washes / no donations / 72.6 ktons,Yes,€35 / 32 washes / 2% donated / 72.6 ktons,,€35 / 57 washes / no donations / 72.6 ktons,Yes,€35 / 57 washes / no donations / carbon neutral,,25 - 34,,Somewhat below average
2023-06-02 09:21:16,2023-06-02 09:26:26,IP Address,109.134.172.170,100,310,True,2023-06-02 09:26:27,R_1OkPNIAQ1AAMXRa,,,,,50.8534,4.347,anonymous,EN,1,€35 / 7 washes / 4.75% donated / 72.6 ktons,No,€35 / 32 washes / no donations / 37 ktons,Yes,€35 / 7 washes / 4.75% donated / 37 ktons,Yes,€35 / 32 washes / no donations / 72.6 ktons,Yes,€35 / 57 washes / 4.75% donated / carbon neutral,Yes,Neither agree nor disagree,€35 / 7 washes / 4.75% donated / 72.6 ktons,No,€35 / 32 washes / 2% donated / carbon neutral,Yes,€35 / 7 washes / no donations / carbon neutral,Yes,€35 / 7 washes / 2% donated / 37 ktons,Yes,€35 / 57 washes / no donations / carbon neutral,Yes,25 - 34,Yes,Somewhat below average
2023-06-02 14:10:53,2023-06-02 14:23:01,IP Address,46.176.221.56,100,728,True,2023-06-02 14:23:02,R_3P4UZ6hOTXgAFYq,,,,,39.619,19.9172,anonymous,EN,1,€165 / 57 washes / no donations / 37 ktons,No,€35 / 32 washes / no donations / 37 ktons,Yes,€100 / 57 washes / 2% donated / 72.6 ktons,No,€35 / 32 washes / no donations / 72.6 ktons,Yes,€35 / 57 washes / 4.75% donated / carbon neutral,Yes,Somewhat agree,€165 / 32 washes / 2% donated / 37 ktons,No,€35 / 32 washes / 2% donated / carbon neutral,Yes,€100 / 57 washes / 4.75% donated / 72.6 ktons,No,€100 / 32 washes / 4.57% donated / carbon neutral,No,€35 / 57 washes / no donations / carbon neutral,Yes,65 - 74,Yes,Average
2023-06-02 15:12:54,2023-06-02 15:20:16,IP Address,46.176.221.56,100,442,True,2023-06-02 15:20:17,R_27UaxN2XcOpeXbA,,,,,39.619,19.9172,anonymous,EN,0.8999999761581421,€100 / 7 washes / 2% donated / carbon neutral,No,€35 / 32 washes / no donations / 37 ktons,Yes,€35 / 7 washes / 4.75% donated / 37 ktons,Yes,€100 / 57 washes / 2% donated / 37 ktons,No,€35 / 57 washes / 4.75% donated / carbon neutral,Yes,Somewhat disagree,€100 / 7 washes / no donations / carbon neutral,No,€35 / 32 washes / 2% donated / carbon neutral,Yes,€35 / 7 washes / no donations / carbon neutral,Yes,€100 / 32 washes / 4.57% donated / carbon neutral,No,€35 / 57 washes / no donations / carbon neutral,Yes,55 - 64,Yes,Somewhat above average
2023-06-03 19:17:17,2023-06-03 19:21:47,IP Address,62.74.1.134,100,269,True,2023-06-03 19:21:48,R_12zi5p76jvS88m9,,,,,37.9667,23.7167,anonymous,EN,0.8999999761581421,€35 / 7 washes / 4.75% donated / 72.6 ktons,Yes,€35 / 32 washes / no donations / 37 ktons,Yes,€35 / 7 washes / 4.75% donated / 37 ktons,Yes,€100 / 57 washes / 2% donated / 37 ktons,Yes,€35 / 57 washes / 4.75% donated / carbon neutral,Yes,Somewhat agree,€35 / 7 washes / 4.75% donated / 72.6 ktons,Yes,€35 / 32 washes / 2% donated / carbon neutral,Yes,€35 / 7 washes / no donations / carbon neutral,Yes,€35 / 7 washes / 2% donated / 37 ktons,Yes,€35 / 57 washes / no donations / carbon neutral,Yes,18 - 24,No,Average
2023-05-28 18:04:34,2023-05-28 18:07:51,IP Address,5.14.129.41,54,196,False,2023-06-04 18:07:57,R_1IYrw6jvNAVEf9g,,,,,,,anonymous,EN,1,€165 / 57 washes / no donations / 37 ktons,No,€165 / 57 washes / 2% donated / carbon neutral,No,€100 / 57 washes / 2% donated / 72.6 ktons,No,€35 / 32 washes / no donations / 72.6 ktons,No,€35 / 57 washes / 4.75% donated / carbon neutral,Yes,Somewhat agree,€165 / 32 washes / 2% donated / 37 ktons,No,,,,,,,,,,,
2023-06-05 17:52:11,2023-06-05 17:58:20,IP Address,213.251.116.238,100,369,True,2023-06-05 17:58:21,R_1PZ5q7in4N9zxjc,,,,,50.8351,4.3179,anonymous,EN,1,€35 / 7 washes / 4.75% donated / 72.6 ktons,Yes,€165 / 57 washes / 2% donated / carbon neutral,No,€165 / 32 washes / no donations / carbon neutral,No,€100 / 57 washes / 2% donated / 37 ktons,Yes,€35 / 57 washes / 4.75% donated / carbon neutral,Yes,Somewhat agree,€165 / 32 washes / 2% donated / 37 ktons,No,€35 / 32 washes / 2% donated / carbon neutral,Yes,€35 / 32 washes / 2% donated / 72.6 ktons,Yes,€100 / 32 washes / 4.57% donated / carbon neutral,Yes,€35 / 57 washes / no donations / carbon neutral,Yes,25 - 34,Yes,Somewhat above average
2023-06-05 23:15:53,2023-06-05 23:20:21,IP Address,87.67.212.116,100,267,True,2023-06-05 23:20:23,R_4Z8czsBA4eRw5k5,,,,,50.5839,5.5003,anonymous,EN,0.8999999761581421,€35 / 7 washes / 4.75% donated / 72.6 ktons,No,€35 / 32 washes / no donations / 37 ktons,Yes,€100 / 57 washes / 2% donated / 72.6 ktons,No,€100 / 57 washes / 2% donated / 37 ktons,Yes,€100 / 32 washes / 4.75% donated / 37 ktons,No,Neither agree nor disagree,€35 / 7 washes / 4.75% donated / 72.6 ktons,Yes,€35 / 32 washes / 2% donated / carbon neutral,Yes,€100 / 57 washes / 4.75% donated / 72.6 ktons,Yes,€35 / 7 washes / 2% donated / 37 ktons,No,€35 / 57 washes / no donations / carbon neutral,Yes,18 - 24,No,Average
2023-05-31 10:08:27,2023-05-31 10:11:07,IP Address,95.182.162.123,17,159,False,2023-06-07 10:11:12,R_1im6oTWGoQiVzEf,,,,,,,anonymous,EN,1,€100 / 7 washes / 2% donated / carbon neutral,No,€35 / 32 washes / no donations / 37 ktons,Yes,,,,,,,,,,,,,,,,,,,,
